actores,estado,fecha_estreno,generos,puntaje,temporadas,titulo
"Ashleigh Murray,Camila Mendes,Casey Cott,Charles Melton,Cole Sprouse,K.J. Apa,Lili Reinhart,Mädchen Amick,Madelaine Petsch,Marisol Nichols,Mark Consuelos,Skeet Ulrich",EMISION,2017,"Drama,Misterio,Series de The CW",4.5,4,Riverdale
"Bianca Comparato,Rafael Lozano,Rodolfo Valente,Vaneza Oliveira",EMISION,2016,"Drama,Ciencia ficción,Fantasía,Series de Netflix",4.5,4,3%
"Cameron Boyce,Debby Ryan,Karan Brar,Kevin Chamberlin,Peyton List,Skai Jackson",FINALIZADA,2011,"Comedia,Series de Disney Channel",5,4,Jessie
,EMISION,2019,Drama,0,1,Identidad secreta
"Clea Shearer,Joanna Teplin",EMISION,2020,"Reality,Series de Netflix",5,1,Organízate con el método The Home Edit
"Bárbara Torres,Brayan Gibran Mateo,Consuelo Duval,Eugenio Derbez,Luis Manuel Ávila,Miguel Pérez,Regina Blandón",FINALIZADA,2002,"Comedia,Series de Univision",5,3,La familia P. Luche
"Billy Ray Cyrus,Emily Osment,Jason Earles,Miley Cyrus,Moisés Arias",FINALIZADA,2006,"Comedia,Familia,Series de Disney Channel",5,4,Hannah Montana
,EMISION,2020,"Crimen,Documental,Series de Netflix",0,1,La Línea: La sombra del narco
"Alex Borstein,Mike Henry,Mila Kunis,Seth Green,Seth MacFarlane",EMISION,1999,"Animación,Antiguas,Comedia,Series de Amazon",5,18,Padre de Familia
"Katherine Ryan,Katy Byrne,Michelle De Swarte",EMISION,2020,"Comedia,Drama,Series de Netflix",0,1,Casi una duquesa
"Andrea Elson,Anne Schedeen,Benji Gregory,Max Wright,Paul Fusco",FINALIZADA,1986,"Antiguas,Comedia,Familia,Series de NBC",5,4,ALF
"Derek Wilson,Eliza Coupe,Josh Hutcherson",FINALIZADA,2017,"Comedia,Ciencia ficción,Fantasía,Series de Hulu,Series de Movistar+",5,3,Future Man
"Billy West,David Herman,Frank Welker,John DiMaggio,Katey Sagal,Lauren Tom,Maurice LaMarche,Phil LaMarr,Tress MacNeille",FINALIZADA,1999,"Animación,Antiguas,Comedia,Series de Comedy Central,Series de FOX",4,7,Futurama
,EMISION,2020,"Documental,Series de Amazon",2.5,1,Futbolistas por el mundo
"Alex Sparrow,Ben Schwartz,Diana Silvers,Fred Willard,Jessica St. Clair,Jimmy O. Yang,John Malkovich,Noah Emmerich,Owen Daniels,Steve Carell,Tawny Newsome",EMISION,2020,"Comedia,Series de Netflix",4,1,Fuerza espacial
"Áine Rose Daly,Dermot Mulroney,Esme Creed-Miles,Mireille Enos,Noah Taylor,Yasmin Monet Prince",EMISION,2019,"Drama,Acción,Animación,Series de Amazon",4,2,Hanna
"Anna Torv,Jasika Nicole,John Noble,Joshua Jackson",FINALIZADA,2008,"Ciencia ficción,Drama,Fantasía,Misterio,Series de FOX",5,5,Fringe
"Ashleigh Murray,Jonny Beauchamp,Julia Chan,Lucy Hale",EMISION,2020,"Comedia,Drama,Series de The CW",4,1,Katy Keene
"Jennette McCurdy,Jerry Trainor,Miranda Cosgrove,Nathan Kress,Spencer List",FINALIZADA,2007,"Comedia,Familia,Series de Nickelodeon",5,6,iCarly
"Christina Hendricks,Mae Whitman,Manny Montana,Matthew Lillard,Reno Wilson,Retta",EMISION,2018,"Comedia,Drama,Series de NBC,Series de Netflix",5,3,Chicas Buenas
,FINALIZADA,2020,"Documental,Series de Netflix",2.5,1,Cheerleaders en acción
,FINALIZADA,2020,"Documental,Series de Netflix",4,1,Cheer
"Adetokumboh M'Cormack,Alejandra Reynoso,Jaime Murray,James Callis,Richard Armitage,Theo James",EMISION,2017,"Animación,Series de Netflix",4,3,Castlevania
"Jon Huertas,Molly C. Quinn,Nathan Fillion,Seamus Dever,Stana Katic,Susan Sullivan,Tamala Jones,Toks Olagundoye",FINALIZADA,2009,"Crimen,Drama,Series de ABC",3.5,8,Castle
"Kristen Hager,Meaghan Rath,Sam Huntington,Samuel Witwer",FINALIZADA,2011,"Ciencia ficción,Drama,Fantasía,Series de Syfy",5,4,Casi Humanos
"Amir Wilson,Emilie Cocquerel,Gijs Blom,Islam Bouakkaz,Jack Barton,Jonah Lees,Kemi-Bo Jacobs,Nathanael Saleh,Omid Djalili,Peter Ferdinando,Phil Zimmerman,Ruby Ashbourne Serkis",EMISION,2020,"Animación,Aventura,Ciencia ficción,Familia,Fantasía,Series de Netflix",3.5,1,Carta al Rey
"Álex Villazán,Andrea Trepat,Belén López,Carlos Hipólito,Itziar Atienza,Luis Rallo,Marta Larralde,Miriam Giovanelli,Raúl Tejón,Roberto Álamo",EMISION,2020,"Drama,Series de Amazon,Series de Telecinco",4,1,Caronte
"Ambyr Childers,Carmela Zumbado,James Scully,Jenna Ortega,Penn Badgley,Victoria Pedretti",EMISION,2018,"Crimen,Drama,Series de Lifetime,Series de Netflix",4,2,You
"Danielle Brooks,Dascha Polanco,Jackie Cruz,Kate Mulgrew,Laura Prepon,Nick Sandow,Selenis Leyva,Taryn Manning,Taylor Schilling,Uzo Aduba,Yael Stone",FINALIZADA,2013,"Comedia,Drama,LGBT,Series de Netflix",4,7,Orange Is The New Black
"Aasiya Shah,Abubakar Salim,Amanda Collin,Ethan Hazzard,Felix Jamieson,Ivy Wong,Jordan Loughran,Matias Varela,Niamh Algar,Travis Fimmel,Winta McGrath",EMISION,2020,"Drama,Ciencia ficción,Fantasía,Series de HBO Max",5,1,Raised by Wolves
"Allegra Acosta,Angel Parker,Annie Wersching,Ariela Barer,Brigid Brannagh,Brittany Ishibashi,Clarissa Thibeaux,Ever Carradine,Gregg Sulkin,James Marsters,James Yaegashi,Kevin Weisman",FINALIZADA,2017,"Acción,Aventura,Crimen,Drama,Marvel,Sci-Fi & Fantasy",4,3,Runaways
"Bruce Langley,Emily Browning,Ian McShane,Ricky Whittle,Yetide Badaki",EMISION,2017,"Ciencia ficción,Drama,Fantasía,Misterio,Series de Starz",5,2,American Gods
"Anthony Mackie,Chris Conner,Dina Shihabi,Lela Loren,Renée Elise Goldsberry,Simone Missick,Torben Liebrecht",EMISION,2018,"Ciencia ficción,Fantasía,Series de Netflix",3.5,2,Altered Carbon
,EMISION,2019,"Crimen,Drama,Series de Netflix",5,3,Alta mar
"Enver Gjokaj,Hayley Atwell,James D'Arcy,Wynn Everett",FINALIZADA,2015,"Acción,Aventura,Marvel",5,2,Agente Carter
"Antonia Giesen,Antonia Zegers,Daniela Vega,Lucas Balmaceda,María Gracia Omegna,Mariana Di Girolamo,Paula Luchsinger",FINALIZADA,2020,"Crimen,Drama,Series de Amazon",3.5,1,La Jauría
"Ashlie Atkinson,BD Wong,Carly Chaikin,Christian Slater,Elliot Villar,Grace Gummer,Martin Wallström,Michael Cristofer,Rami Malek",FINALIZADA,2015,"Crimen,Drama,Series de USA Network",4,4,Mr. Robot
"Adam Godley,Bayo Gbadamosi,Belinda Bromilow,Charity Wakefield,Douglas Hodge,Elle Fanning,Gwilym Lee,Nicholas Hoult,Phoebe Fox,Sacha Dhawan,Sebastian de Souza",FINALIZADA,2020,"Comedia,Drama,Series de Hulu",3.5,1,The Great
"Andy Buckley,Ethan Phillips,Hugh Laurie,Josh Gad,Lenora Crichlow,Nikki Amuka-Bird,Suzy Nakamura,Zach Woods",EMISION,2020,"Comedia,Ciencia ficción,Fantasía,Series de HBO",5,1,Avenue 5
"André Sogliuzzo,Cricket Leigh,Dante Basco,Dee Bradley Baker,Grey DeLisle,Jack De Sena,Jennie Kwan,Jessie Flower,Mae Whitman,Mark Hamill,Olivia Hack,Zach Tyler",FINALIZADA,2005,"Acción,Animación,Aventura,Fantasía,Series de Netflix",4.5,3,Avatar: La leyenda de Aang
"Amy Okuda,Brigette Lundy-Paine,Graham Rogers,Jenna Boyd,Jennifer Jason Leigh,Keir Gilchrist,Michael Rapaport,Nik Dodani",EMISION,2017,"Comedia,Drama,Series de Netflix",3.5,3,Atypical
"Asante Blackk,Aunjanue Ellis,Caleel Harris,Ethan Herisse,Jharrel Jerome,John Leguizamo,Kylie Bunbury,Marquis Rodriguez,Marsha Stephanie Blake,Michael Kenneth Williams,Niecy Nash",FINALIZADA,2019,"Drama,Series de Netflix",3.5,1,Así nos ven
"Ben Lewis,David Ramsey,Joseph David-Jones,Juliana Harkavy,Katherine McNamara,Katie Cassidy,LaMonica Garrett,Rick Gonzalez,Stephen Amell",FINALIZADA,2012,"Acción,Aventura,Crimen,DC Comics,Drama,Misterio,Series de The CW",4.5,8,Arrow
"Carla Gugino,Elizabeth Reaser,Henry Thomas,Julian Hilliard,Kate Siegel,Lulu Wilson,Mckenna Grace,Michiel Huisman,Oliver Jackson-Cohen,Paxton Singleton,Timothy Hutton,Victoria Pedretti",EMISION,2018,"Drama,Misterio,Series de Netflix",3.5,2,La maldición de Hill House
"Adam Irigoyen,Ato Essandoh,Hilary Swank,Josh Charles,Mark Ivanir,Ray Panthaki,Talitha Bateman,Vivian Wu",EMISION,2020,"Drama,Ciencia ficción,Fantasía,Series de Netflix",5,1,Lejos
"Bae Doo-na,Brian J. Smith,Daryl Hannah,Freema Agyeman,Jamie Clayton,Max Riemelt,Miguel Ángel Silvestre,Naveen Andrews,Terrence Mann,Tina Desai,Toby Onwumere,Tuppence Middleton",FINALIZADA,2015,"Ciencia ficción,Drama,Fantasía,Series de Netflix",0,2,Sense8
Jake Manley,EMISION,2019,"Ciencia ficción,Drama,Fantasía,Misterio,Series de Netflix",4,2,La Orden Secreta
"AnnaSophia Robb,Calum Worthy,Chloë Sevigny,Joey King,Patricia Arquette",EMISION,2019,"Crimen,Drama,Series de Hulu",3.5,1,The Act
"Angel Coulby,Bradley James,Colin Morgan,John Hurt,Katie McGrath,Richard Wilson",FINALIZADA,2008,"Acción,Aventura,Ciencia ficción,Drama,Fantasía",4.5,5,Merlín
"Akira Ishida,Chie Nakamura,Hidekatsu Shibata,Hideo Ishikawa,Hōchū Ōtsuka,Junko Takeuchi,Jūrōta Kosugi,Kazuhiko Inoue,Keiko Nemoto,Kentaro Ito,Kohsuke Toriumi,Kōichi Tōchika",FINALIZADA,2002,"Acción,Animación,Anime,Aventura,Comedia,Drama",4.5,5,Naruto
"Aida Turturro,Danielle Di Vecchio,Dominic Chianese,Edie Falco,James Gandolfini,Jamie-Lynn Sigler,Lorraine Bracco,Michael Imperioli,Robert Iler,Steve Schirripa,Steven Van Zandt,Tony Sirico",FINALIZADA,1999,"Antiguas,Drama,Series de HBO GO",0,6,Los Soprano
"Amanda Crew,Josh Brener,Kumail Nanjiani,Martin Starr,Matt Ross,Thomas Middleditch,Zach Woods",FINALIZADA,2014,"Comedia,Series de HBO",4,6,Silicon Valley
"Ana Ortiz,Anthony Turpel,Bebe Wood,George Sear,Isabella Ferreira,James Martinez,Kayla DiVenere,Keenan Kelley,Lukas Gage,Mason Gooding,Mateo Fernandez,Michael Cimino",EMISION,2020,"Comedia,Drama,Series de Hulu",4,1,"Love, Victor"
"Abel Folk,Ángela Molina,Ángela Vega,Belén Écija,Cristina Soria,Daniel Ibáñez,Elena Seijo,Eleonora Wexler,Iván Chavero,Juan Blanco,Laura Quirós,Manu Fullola",EMISION,2020,"Ciencia ficción,Drama,Fantasía,Misterio,Western",5,1,La Valla
"Andrés Parra,Angie Cepeda,Cecilia Navia,Christian Tappán,Eileen Moreno,Ernesto Benjumea,Germán Quintero,Marcela Gallego,Mauricio Mejía,Nicolas Montero,Vicky Hernández",FINALIZADA,2012,"Crimen,Drama",3.5,1,"Pablo Escobar, el patrón del mal"
"Amy Smart,Anjelika Washington,Brec Bassinger,Cameron Gellman,Christopher James Baker,Hunter Sansone,Jake Austin Walker,Luke Wilson,Meg DeLacy,Neil Hopkins,Neil Jackson,Nelson Lee",EMISION,2020,"Acción,Aventura,Ciencia ficción,Crimen,Drama,Fantasía",4,1,Stargirl
"Charlie Cox,Deborah Ann Woll,Elden Henson,Élodie Yung,Finn Jones,Jessica Henwick,Krysten Ritter,Mike Colter,Rachael Taylor,Rosario Dawson,Sigourney Weaver,Simone Missick",FINALIZADA,2017,"Acción,Aventura,Ciencia ficción,Crimen,Fantasía,Marvel",5,1,The Defenders
"Adina Porter,Alexis Desiree Jones,Austin North,Charles Esten,Chase Stokes,Drew Starkey,Jonathan Daviss,Madelyn Cline,Madison Bailey,Rudy Pankow",EMISION,2020,"Acción,Aventura,Drama,Series de Netflix",5,1,Outer Banks
"Choi Joo-won,Go Min-si,Jung Ga-ram,Kim Hee-chang,Kim Si-eun,Kim So-hyun,Shin Seung-ho,Song Geon-hee,Song Kang,Song Seon-mi",EMISION,2019,"Drama,Ciencia ficción,Dorama,Fantasía,Series de Netflix",4.5,2,Love Alarm
"Ari Stidham,Eddie Kaye Thomas,Elyes Gabel,Jadyn Wong,Katharine McPhee,Riley B. Smith,Robert Patrick",FINALIZADA,2014,"Acción,Aventura,Drama,Series de CBS",4,4,Scorpion
"Ashleigh Cummings,Jahkara Smith,Ólafur Darri Ólafsson,Zachary Quinto",EMISION,2019,"Ciencia ficción,Drama,Fantasía,Series de AMC",4,2,NOS4A2
"Amy Acker,Blair Redford,Coby Bell,Emma Dumont,Grace Byers,Jamie Chung,Natalie Alyn Lind,Percy Hynes White,Sean Teale,Skyler Samuels,Stephen Moyer",FINALIZADA,2017,"Acción,Aventura,Ciencia ficción,Drama,Fantasía,Marvel,Sci-Fi & Fantasy",4,2,The Gifted
"Alban Lenoir,Bellamine Abdelmalek,Lucie Boujenah,Mehdi Meskar,Ralph Amoussou,Tiphaine Daviot,Victoire Du Bois",FINALIZADA,2019,"Misterio,Series de Netflix",4.5,1,Marianne
Pedro Pascal,EMISION,2019,"Acción,Aventura,Ciencia ficción,Series de Disney+",4,1,The Mandalorian
"Cassidy Freeman,Erica Durance,Justin Hartley,Tom Welling",FINALIZADA,2001,"Acción,Aventura,Ciencia ficción,DC Comics,Drama,Fantasía,Misterio,Series de Amazon,Series de The CW,Series de The WB",4,10,Smallville
Eugenio Derbez,EMISION,2018,"Comedia,Series de Amazon",5,2,LOL: Last One Laughing
"Alba Bernabé,Amina Leony,Bouzan Hadawi,Carlos Blanco,Fariba Sheikhan,Fele Martínez,Francesc Orella,Hamid Krim,Luis Zahera,Marcos Javier Fernández Eimil,Marian Álvarez,Mekki Kadiri",EMISION,2020,"Drama,Series de Movistar+",5,1,La unidad
"Billie Piper,Brian Cox,Christian Camargo,Danny Sapani,Eva Green,Harry Treadaway,Helen McCrory,Jessica Barden,Josh Hartnett,Olivia Llewellyn,Patti LuPone,Perdita Weeks",FINALIZADA,2014,"Drama,Misterio",0,3,Penny Dreadful
"Alba August,Clara Rosager,Evin Ahmad,Jessica Dinnage,Johannes Bah Kuhnke,Lucas Lynggaard Tønnesen,Lukas Løkken,Mikkel Boe Følsgaard,Natalie Madueño,Sonny Lindberg,Thea Glindorf",EMISION,2018,"Drama,Ciencia ficción,Fantasía,Series de Netflix",4.5,3,The Rain
"Amber Rose Revah,Ben Barnes,Floriana Lima,Giorgia Whigham,Jason R. Moore,Jon Bernthal,Josh Stewart",FINALIZADA,2017,"Acción,Aventura,Crimen,Drama,Marvel",5,2,The Punisher
"Candice Patton,Carlos Valdes,Danielle Nicolet,Danielle Panabaker,Grant Gustin,Hartley Sawyer,Jesse L. Martin,Tom Cavanagh",EMISION,2014,"Drama,Ciencia ficción,DC Comics,Fantasía,Series de The CW",4.5,6,The Flash
"Alan Ritchson,Anna Diop,Brenton Thwaites,Chelsea Zhang,Conor Leslie,Curran Walters,Esai Morales,Joshua Orpin,Minka Kelly,Ryan Potter,Teagan Croft",EMISION,2018,"Acción,Aventura,Ciencia ficción,DC Comics,Drama,Fantasía",4,2,Titanes
"Andrea Parker,Ashley Benson,Ian Harding,Janel Parrish,Keegan Allen,Lucy Hale,Sasha Pieterse,Shay Mitchell,Troian Bellisario,Tyler Blackburn",FINALIZADA,2010,"Drama,Misterio,Series de ABC",4,7,Lindas Mentirosas
,EMISION,2020,"Drama,Series de Netflix",4,1,Nación de inmigración
"Derek Luke,Joel Allen,Max Martini,Paola Nuñez",FINALIZADA,2018,"Crimen,Drama,Misterio,Series de Amazon,Series de USA Network",3,2,The Purge
"Bruce Greenwood,Emily VanCamp,Malcolm-Jamal Warner,Manish Dayal,Matt Czuchry,Shaunette Renée Wilson",EMISION,2018,"Drama,Series de FOX",5,3,The Resident
"Amaury Nolasco,Augustus Prew,Dominic Purcell,Inbar Lavi,Mark Feuerstein,Paul Adelstein,Robert Knepper,Rockmond Dunbar,Sarah Wayne Callies,Wentworth Miller",FINALIZADA,2005,"Acción,Aventura,Crimen,Drama,Series de FOX",4,5,Prison Break
"Alba Planas,Álex Villazán,Álvaro Cobas González,Celia Monedero,Fernando Lindez,Hajar Brown,Irene Ferreiro,Nicole Wallace,Rizha",EMISION,2018,"Comedia,Drama,Series de Movistar+",4.5,4,Skam España
"Michaela Coel,Weruche Opia",FINALIZADA,2020,"Drama,Series de BBC One,Series de HBO GO",5,1,Podría destruirte
"Clare O'Connor,Kelsey Grammer,Krystel McNeil,Nikki M. James,Rachelle Lefevre,Riley Smith,Russell Hornsby,Vincent Kartheiser",FINALIZADA,2019,"Drama,Series de FOX",4,1,Proven Innocent
,EMISION,2020,"Comedia,Series de Quibi",2.5,2,Reno 911!
"Alison Wright,Annalise Basso,Daveed Diggs,Iddo Goldberg,Jennifer Connelly,Mickey Sumner,Susan Park",EMISION,2020,"Fantasía,Ciencia ficción,Series de TNT",5,2,Snowpiercer
"Anya Chalotra,Freya Allan,Henry Cavill,Mimi Ndiweni",EMISION,2019,"Acción,Aventura,Ciencia ficción,Drama,Fantasía",4,2,The Witcher
"Deedee Magno,Estelle,Michaela Dietz,Zach Callison",FINALIZADA,2019,"Acción,Action & Adventure,Animación,Aventura,Ciencia ficción,Comedia,Fantasía,Kids,Series de Cartoon Network",3.5,1,Steven Universe Futuro
"Blair Brown,Bradley Cooper,Colin Salmon,Desmond Harrington,Georgina Haig,Hill Harper,Jake McDorman,Jennifer Carpenter,Mary Elizabeth Mastrantonio,Megan Guinan,Michael Devine,Michael James Shaw",FINALIZADA,2015,"Acción,Animación,Ciencia ficción,Crimen,Drama,Fantasía,Series de CBS",3.5,1,Limitless
"Antonio Grimau,Carlos Belloso,Daniel Aráoz,Daniel Valenzuela,Dolores Fonzi,Esteban Lamothe,Ignacio Quesada,Juan Gil Navarro,Lautaro Rodríguez,Mónica Ayos",EMISION,2020,"Crimen,Drama,Series de Netflix",4,1,Puerta 7
"A.J. Cook,Adam Rodríguez,Aisha Tyler,Daniel Henney,Joe Mantegna,Kirsten Vangsness,Matthew Gray Gubler,Paget Brewster",FINALIZADA,2005,"Crimen,Drama,Misterio,Series de CBS All Access",4,15,Mentes Criminales
"Adam Brody,Autumn Reeser,Ben McKenzie,Kelly Rowan,Melinda Clarke,Peter Gallagher,Rachel Bilson,Willa Holland",FINALIZADA,2003,"Drama,Series de FOX",5,4,The O.C.
"Aislín McGuckin,Daisy Edgar-Jones,Desmond Eastwood,Eliot Salt,Frank Blake,India Mullen,Meadhbh Maxwell,Paul Mescal,Sarah Greene",FINALIZADA,2020,"Drama,Series de Hulu",3.5,1,Normal People
"Andrea Brooks,Azie Tesfai,Chyler Leigh,David Harewood,Jesse Rath,Julie Gonzalo,Katie McGrath,Melissa Benoist,Nicole Maines,Staz Nair",EMISION,2015,"Acción,Aventura,Ciencia ficción,DC Comics,Drama,Series de CBS All Access,Series de The CW",4.5,5,Supergirl
"Andrzej Konopka,Andrzej Mastalerz,Helena Sujecka,Magdalena Żak,Michał Czernecki,Mirosław Kropielnicki",EMISION,2018,"Crimen,Misterio,Series de AXN",5,2,Símbolos
"Amy Pemberton,Caity Lotz,Dominic Purcell,Jes Macallan,Maisie Richardson-Sellers,Matt Ryan,Nick Zano,Tala Ashe",EMISION,2016,"Acción,Aventura,Ciencia ficción,DC Comics,Drama,Familia,Series de The CW",5,5,Legends of Tomorrow
"Corey Stoll,David Bradley,Jonathan Hyde,Kevin Durand,Max Charles,Miguel Gomez,Richard Sammel,Rupert Penry-Jones,Ruta Gedmintas",FINALIZADA,2014,"Ciencia ficción,Drama,Misterio,Series de FX",0,4,The Strain
"Cynthia Nixon,Kim Cattrall,Kristin Davis,Sarah Jessica Parker",FINALIZADA,1998,"Antiguas,Comedia,Series de HBO",5,6,Sexo en Nueva York
"Adriana Barraza,Daniel Zovatto,Jessica Garza,Johnathan Nieves,Kerry Bishé,Michael Gladis,Natalie Dormer,Nathan Lane,Rico Torres,Rory Kinnear",FINALIZADA,2020,"Ciencia ficción,Crimen,Drama,Fantasía,Misterio,Series de Showtime",5,1,Penny Dreadful: City of Angels
"Albert Welling,Brandon P. Bell,David Hargreaves,Emma Appleton,Greg McHugh,Jamie Blackley,Keeley Hawes,Luke Treadaway,Matt Lauria,Michael Stuhlbarg,Robert Goodale,Simon Kunz",EMISION,2019,"Drama,Política,Series de Channel 4",0,1,Traidores
"Barbara Eden,Larry Hagman",FINALIZADA,1965,"Antiguas,Ciencia ficción,Comedia,Familia,Fantasía,Series de NBC",3,5,Mi Bella Genio
"Alastair Duncan,Danielle Judovits,Evan Sabara,Grey DeLisle,James Remar,Kevin Michael Richardson,Ming-Na Wen,Richard Green,Rino Romano,Ron Perlman,Tom Kenny",FINALIZADA,2004,"Acción,Animación,Aventura,Ciencia ficción,DC Comics,Fantasía,Misterio,Series de The WB",4,5,The Batman
"Agustín Sullivan,Antonio Grimau,Luis Machín,Marco Antonio Caponi,Muriel Santa Ana",FINALIZADA,2018,Drama,5,1,Sandro de América
"Dylan O'Brien,Dylan Sprayberry,Holland Roden,JR Bourne,Linden Ashby,Melissa Ponzio,Shelley Hennig,Tyler Posey",FINALIZADA,2011,"Drama,Ciencia ficción,Fantasía",4.5,6,Teen Wolf
,EMISION,2019,"Ciencia ficción,Drama,Fantasía,Misterio,Series de Netflix",0,2,The Gift
"Cameron Monaghan,Christian Isaiah,Emma Kenney,Ethan Cutkosky,Jeremy Allen White,Kate Miner,Noel Fisher,Shanola Hampton,Steve Howey,William H. Macy",EMISION,2011,"Comedia,Drama,Series de Showtime",5,11,Shameless
"Bill Pullman,Eddie Martinez,Jessica Hecht,Matt Bomer,Parisa Fitz-Henley",EMISION,2017,"Crimen,Drama,Series de USA Network",2,3,The Sinner
"Alberto Rosende,Alisha Wainwright,Dominic Sherwood,Emeraude Toubia,Harry Shum Jr.,Isaiah Mustafa,Katherine McNamara,Matthew Daddario",FINALIZADA,2016,"Acción,Aventura,Ciencia ficción,Drama,Fantasía,Series de Freeform",4.5,3,Shadowhunters
"Edie Falco,Gus Halper,Josh Charles,Miles Gaston Villanueva,Sam Jaeger",EMISION,2017,"Crimen,Drama",0,1,Ley y Orden True Crime: El caso Menéndez
"Fares Landoulsi,Jane Adams,John Ortiz,Mehdi Dehbi,Melinda Page Hamilton,Michelle Monaghan,Sayyid El Alami,Stefania LaVie Owen,Tomer Sisley,Wil Traval",EMISION,2020,Drama,5,1,Mesias
"Antonio Jaramillo,Carla Baratta,Clayton Cardenas,Danny Pino,Edward James Olmos,Emilio Rivera,J. D. Pardo,Michael Irby,Raoul Max Trujillo,Richard Cabral,Sarah Bolger",EMISION,2018,"Crimen,Drama,Series de Movistar+",5,2,Mayans M.C.
"Abigail Breslin,Billie Lourd,Emma Roberts,James Earl,Jamie Lee Curtis,John Stamos,Keke Palmer,Kirstie Alley,Lea Michele,Taylor Lautner",FINALIZADA,2015,"Comedia,Crimen,Misterio,Series de FOX",4.5,2,Scream Queens
Syra Madad,FINALIZADA,2020,"Documental,Series de Netflix",3,1,Pandemia
"Arienne Mandi,Jacqueline Toboni,Jennifer Beals,Katherine Moennig,Leisha Hailey,Leo Sheng,Rosanny Zayas",EMISION,2020,Drama,3,1,L: Generación Q
"Anya Taylor-Joy,Cillian Murphy,Finn Cole,Harry Kirton,Helen McCrory,Kate Phillips,Paul Anderson,Sam Claflin,Sophie Rundle",EMISION,2013,"Crimen,Drama,Series de BBC One,Series de BBC Two",3.5,5,Peaky Blinders
"Aziz Dyab,Eli Rosen,Felix Mayr,Ronit Asheri,Safinaz Sattar,אהרון אלטרס,אלי רוזן,אלכס ריד,ג'ף וילבוש,גרא סנדלר,דייוויד מנדלבאום,דיליה מאייר",FINALIZADA,2020,"Drama,Series de Netflix",4,1,Poco Ortodoxa
"Andre Royo,Clarke Peters,Corey Parker Robinson,Deirdre Lovejoy,Domenick Lombardozzi,Dominic West,Frankie Faison,Hassan Johnson,Isiah Whitlock Jr.,J.D. Williams,John Doman,Lance Reddick",FINALIZADA,2002,"Crimen,Drama,Series de HBO GO",5,5,The Wire
"Addyson Douglas,Alison Thornton,Brittany Raymond,Brittany Spiteri,Brittany Teo,Haley Chau,Herizen F. Guardiola,Kaden Hebb,Marlo Kelly,Paul Fitzgerald,Rob Heaps,Taveeta Szymanowicz",EMISION,2019,"Crimen,Drama,Misterio,Series de USA Network",3.5,1,Rétame
"J.G. Quintel,Janie Haddad Tompkins,Jeff Bennett,Mark Hamill,Roger Craig Smith,Sam Marin,William Salyers",FINALIZADA,2010,"Animación,Aventura,Comedia,Series de Cartoon Network",4,8,Un Show Mas
"Aaron Hilmer,Alexander Scheer,Annika Kuhl,Emily Kusche,Laura Tonke,Lea van Acken,Marc Benjamin,Roland Møller,Wotan Wilke Möhring",FINALIZADA,2020,"Drama,Ciencia ficción,Fantasía",4,1,Sloborn
"Astrid Meloni,Federica Fracassi,Filippo Scotti,Manuela Mandracchia,Nathan Macchioni,Nina Fotaras,Paolo Bernardini",EMISION,2020,"Drama,Ciencia ficción,Fantasía",4,1,Luna Nera
"Caitriona Balfe,Sam Heughan",EMISION,2014,"Aventura,Drama,Fantasía,Romance,Series de Starz",4.5,5,Outlander
"Alan Ruck,Brian Cox,J. Smith-Cameron,Jeremy Strong,Kieran Culkin,Matthew Macfadyen,Nicholas Braun,Sarah Snook",EMISION,2018,"Drama,Series de HBO GO",0,2,Succession
"Angelica Ross,Billy Porter,Dominique Jackson,Hailie Sahar,Indya Moore,MJ Rodriguez,Ryan Jamaal Swain",EMISION,2018,"Drama,Series de FX,Series de Netflix",5,3,Pose
"Ben Mendelsohn,Bill Camp,Cynthia Erivo,Jason Bateman,Jeremy Bobb,Julianne Nicholson,Marc Menchaca,Mare Winningham,Paddy Considine,Yul Vazquez",EMISION,2020,"Crimen,Drama,Misterio",4,1,The Outsider
"Alex Roe,Eline Powell,Fola Evans-Akingbola,Ian Verdun,Rena Owen",EMISION,2018,"Drama,Ciencia ficción,Fantasía",4.5,3,Siren
"Klea Scott,Lance Henriksen",FINALIZADA,1996,"Crimen,Drama,Misterio,Series de FOX",5,3,Millennium
,FINALIZADA,2020,"Drama,Familia,Series de Caracol TV",5,1,La venganza de Analía
"Carol Rovira,Lucía Martín Abello,Paula Usero",EMISION,2020,"Drama,Series de Atresplayer",3,2,Luimelia
Janelle Monáe,FINALIZADA,2020,"Documental,Series de Netflix",1.5,1,Sex Explained
"Bill Bellamy,Blair Underwood,Carmen Ejogo,Garrett Morris,Kevin Carroll,Mouna Traoré,Octavia Spencer,Tiffany Haddish,Zahra Bentham",FINALIZADA,2020,"Drama,Series de Netflix",5,1,Madam C. J. Walker: Una mujer hecha a sí misma
"Amir Arison,Diego Klattenhoff,Harry Lennix,Hisham Tawfiq,James Spader,Megan Boone",EMISION,2013,"Crimen,Drama,Misterio,Series de NBC",4,7,The Blacklist
"Brandee Evans,Carolyn Braver,Dan J. Johnson,Elarica Johnson,Harriett D. Foy,J. Alphonse Nicholson,Nicco Annan,Parker Sawyers,Shannon Thornton,Tyler Lepley",EMISION,2020,"Drama,Series de Starz",5,1,P-Valley
"Alison Smiley,Amanda Schull,Dulé Hill,Gabriel Macht,Katherine Heigl,Malcolm Gets,Rick Hoffman,Sarah Rafferty",FINALIZADA,2011,"Drama,Series de USA Network",4,9,Suits
"Aria Shahghasemi,Danielle Rose Russell,Jenny Boyd,Kaylee Bryant,Matthew Davis,Peyton Alex Smith,Quincy Fouse",EMISION,2018,"Drama,Ciencia ficción,Fantasía,Series de The CW",4.5,2,Legacies
,EMISION,2018,"Crimen,Documental,Series de Netflix",2.5,2,Soy un asesino
"Boyd Holbrook,Brian Geraghty,Daniel David Stewart,Génesis Rodríguez,Kiefer Sutherland,Natalie Martinez,Tiya Sircar",EMISION,2020,"Acción,Aventura,Drama",0,1,The Fugitive
"Charles Michael Davis,Daniel Gillies,Danielle Rose Russell,Joseph Morgan,Phoebe Tonkin,Riley Voelkel,Steven Krueger,Yusuf Gatewood",FINALIZADA,2013,"Ciencia ficción,Drama,Fantasía,Misterio,Series de The CW",4.5,5,Los Originales
"Alison Pill,Evan Evagora,Harry Treadaway,Isa Briones,Jeri Ryan,Jonathan Del Arco,Michelle Hurd,Patrick Stewart,Santiago Cabrera",EMISION,2020,"Ciencia ficción,Fantasía,Series de CBS All Access",4,1,Star Trek: Picard
"Adam Godley,Aidan Gallagher,Cameron Britton,Colm Feore,David Castañeda,Ellen Page,Emmy Raver-Lampman,Jordan Claire Robbins,Justin H. Min,Mary J. Blige,Robert Sheehan,Sheila McCarthy",EMISION,2019,"Acción,Aventura,Ciencia ficción,Fantasía,Series de Netflix",4,2,The Umbrella Academy
"Alberto Ammann,Andrea Londo,Arturo Castro,Damián Alcázar,Francisco Denis,Matias Varela,Matt Whelan,Michael Stahl-David,Pedro Pascal,Pêpê Rapazote",FINALIZADA,2015,"Crimen,Drama,Series de Netflix",4,3,Narcos
"Antony Starr,Chace Crawford,Dominique McElligott,Elisabeth Shue,Erin Moriarty,Jessie T. Usher,Karl Urban,Nathan Mitchell,Tomer Kapon",EMISION,2019,"Acción,Aventura,Ciencia ficción,Fantasía,Series de Amazon",3.5,2,The Boys
"Brandon Butler,Brianna Hildebrand,Dana Green,Kiana Madeira,Larry Sullivan,Odiseas Georgiadis,Quintessa Swindell",EMISION,2019,"Drama,Series de Netflix",5,2,Trinkets
"Ashley Johnson,Dee Bradley Baker,Greg Cipes,Hynden Walch,Khary Payton,Ron Perlman,Scott Menville,Tara Strong",FINALIZADA,2003,"Acción,Animación,Aventura,Series de Cartoon Network",4,5,Los jóvenes titanes
"Anthony Ames,Bonnie Piesse,Catherine Oxenberg,Mark Vicente,Sarah Edmondson",EMISION,2020,"Documental,Series de HBO",5,1,The Vow
"Anna Torv,Annie Parisse,Ashton Holmes,Brendan Fletcher,Caroline Dhavernas,Claire van der Boom,Isabel Lucas,Jacob Pitts,James Badge Dale,Jon Bernthal,Jon Seda,Joseph Mazzello",FINALIZADA,2010,"Acción,Aventura,Bélica,Drama,Historia,Series de HBO",4,1,The Pacific
"David Alexander Sjøholt,Emma Bones,Herman Tømmeraas,Jonas Strand Gravli,Theresa Frostad Eggesbø",EMISION,2020,"Drama,Acción,Aventura,Series de Netflix",2.5,1,Ragnarok
"Abbey Lee,Aunjanue Ellis,Courtney B. Vance,Jonathan Majors,Jurnee Smollett,Michael Kenneth Williams,Wunmi Mosaku",EMISION,2020,"Ciencia ficción,Drama,Fantasía,Misterio,Series de HBO",4,1,Territorio Lovecraft
"Ben Daniels,Helena Bonham Carter,Jason Watkins,Marion Bailey,Olivia Colman,Tobias Menzies",EMISION,2016,"Drama,Series de Netflix",4.5,4,The Crown
"Billy Jenkins,Catherine Walker,Daniel Sharman,Devon Terrell,Emily Coates,Gustaf Skarsgård,Katherine Langford,Lily Newmark,Matt Stokoe,Peter Mullan,Sebastian Armesto,Shalom Brune-Franklin",EMISION,2020,"Acción,Aventura,Ciencia ficción,Fantasía,Series de Netflix",4,1,Maldita
"Ana Fernández,Ana Polvorosa,Blanca Suárez,Borja Luna,Maggie Civantos,Nadia de Santiago,Nico Romero,Sergio Mur,Yon González",EMISION,2017,"Drama,Series de Netflix",4.5,5,Las chicas del cable
"Adrian Martinez,Edi Gathegi,Famke Janssen,Ryan Eggold,Tawny Cypress",FINALIZADA,2017,"Crimen,Drama,Series de NBC",5,1,The Blacklist: Redemption
"Alba Baptista,Emilio Sakraya,Kristina Tonteri-Young,Lorena Andrea,May Simón Lifschitz,Thekla Reuten,Toya Turner,Tristán Ulloa",EMISION,2020,"Acción,Aventura,Ciencia ficción,Drama,Fantasía,Series de Netflix",4.5,1,La Monja Guerrera
"Chris Chalk,John Lithgow,Juliet Rylance,Matthew Rhys,Shea Whigham,Tatiana Maslany",EMISION,2020,"Crimen,Drama,Misterio,Series de HBO",5,1,Perry Mason
,EMISION,2020,"Drama,Misterio,Series de Netflix",3.5,1,Misterios sin resolver
"Jason Bateman,Julia Garner,Laura Linney,Skylar Gaertner,Sofia Hublitz",EMISION,2017,"Crimen,Drama,Series de Netflix",4,3,Ozark
"Aurora Burghart,Gabriel Darku,J. C. MacKenzie,Maxim Roy,Megan Follows,Stephen McHattie,Tamara Taylor,Wendy Crewson",FINALIZADA,2020,"Ciencia ficción,Drama,Series de Netflix",5,1,La facción Octubre
"Amanda Abbington,Benedict Cumberbatch,Jonathan Aris,Louise Brealey,Mark Gatiss,Martin Freeman,Rupert Graves,Una Stubbs",FINALIZADA,2010,"Crimen,Drama,Misterio,Series de BBC One",4,4,Sherlock
"Anthony Andrews,Ben Batt,Charlotte Hope,Craig Parkinson,Edward Holcroft,Gerard Kearns,Henry Lloyd-Hughes,James Harkness,Joncie Elmore,Kate Dickie,Kate Phillips,Kelly Price",FINALIZADA,2020,"Drama,Series de Netflix",5,1,Un juego de caballeros
"Alfred Molina,Colin O'Donoghue,David Bradley,Emile Hirsch,James Faulkner,John Rhys-Davies,Kelsey Grammer,Lena Headey,Lexi Medrano,Rodrigo Blaas,Rupert Penry-Jones,Stephanie Beatriz",FINALIZADA,2020,"Animación,Series de Netflix",5,1,Magos: Relatos de Arcadia
Samira Wiley,EMISION,2020,Documental,4,1,Noche en la tierra
"Alexander Dreymon,David Dawson,Ian Hart,Thomas W. Gabrielsson",EMISION,2015,"Acción,Aventura,Drama,Series de BBC Two,Series de Netflix",3.5,4,The Last Kingdom
"Adelfa Calvo,Álex Gadea,Carlo Costanzia Jr,Carlos Scholz,Cristina Castaño,Elisa Matilla,Javier Mora,Jesús Mosquera,José de la Torre,José Manuel Seda,Juanjo Almeida,María Pedraza",FINALIZADA,2019,"Crimen,Drama,Misterio,Series de Atresplayer,Series de Netflix",4,1,Toy Boy
"Aaron Staton,Alyssa Diaz,Diego Luna,Joaquín Cosío,Mark Kubr,Matt Letscher,Michael Peña,Tenoch Huerta",EMISION,2018,"Crimen,Drama,Series de Netflix",3.5,2,Narcos: Mexico
"Alex Lawther,Jessica Barden,Josh Dylan,Naomi Ackie",FINALIZADA,2017,"Comedia,Crimen,Drama,Series de Channel 4,Series de Netflix",4.5,2,The End of the Fucking World
"Christina Applegate,James Marsden,Linda Cardellini",EMISION,2019,"Crimen,Drama,Misterio,Series de Netflix",3.5,2,Muertos para mí
"Angus Sampson,Brían F. O'Byrne,David Ajala,Eoin Macken,Gretchen Mol,Jodie Turner-Smith,Maya Eshet,Sam Strike",FINALIZADA,2018,"Ciencia ficción,Fantasía,Series de Syfy",3,1,Nightflyers
"Amir Wilson,Anne-Marie Duff,Ariyon Bakare,Clarke Peters,Dafne Keen,Daniel Frogson,Gary Lewis,James Cosmo,James McAvoy,Lewin Lloyd,Lia Williams,Lin-Manuel Miranda",EMISION,2019,"Drama,Ciencia ficción,Fantasía,Series de BBC One",2.5,1,La Materia Oscura
"Caleb McLaughlin,Cara Buono,Charlie Heaton,Dacre Montgomery,David Harbour,Finn Wolfhard,Gaten Matarazzo,Joe Keery,Maya Hawke,Millie Bobby Brown,Natalia Dyer,Noah Schnapp",EMISION,2016,"Ciencia ficción,Drama,Fantasía,Misterio,Series de Netflix",4.5,4,Stranger Things
"Allen Evangelista,Austin Butler,Christopher Massey,Erin Sanders,Jack Salvatore,Jamie Lynn Spears,Jr.,Matthew Underwood,Paul Butcher,Sean Flynn,Victoria Justice",FINALIZADA,2005,"Comedia,Drama,Series de Nickelodeon",4.5,4,Zoey 101
"Anna Maria Barbany,Assun Planas,Azul Fernández,Boris Ruiz,Carlos Cuevas,Claudia Vega,David Solans,Eva Martín,Francesc Orella,Gloria Ramos,Lesley Grant,María Pujalte",EMISION,2019,"Comedia,Drama,Series de Movistar+",4,1,Merlí: Sapere Aude
"Alejandro Casaseca,Laura Baena,Maggie Civantos,Salva Reina,Vicente Romero",FINALIZADA,2019,"Crimen,Drama,Series de La 1",3.5,1,Malaka
"Brays Efe,Fernando Albizu,Itziar Castro,Javier Bódalo,Mariona Terés,Marta Martin,Saida Benzal",EMISION,2020,"Comedia,Series de HBO",3,1,Por H o por B
,EMISION,2019,"Reality,Series de Netflix",3.5,3,Sunset: La milla de oro
"Darin Olien,Zac Efron",EMISION,2020,Documental,3.5,1,Zac Efron: Con los pies sobre la tierra
"Jon Favreau,Roy Choi",EMISION,2019,"Documental,Series de Netflix",0,1,The Chef Show
"Chris Parnell,Justin Roiland,Sarah Chalke,Spencer Grammer",EMISION,2013,"Animación,Ciencia ficción,Comedia",4,4,Rick y Morty
"Catherine Taber,Corey Burton,David Tennant,Dee Bradley Baker,Ian Abercrombie,James Arnold Taylor,Matt Lanter,Matthew Wood,Terrence 'T.C.' Carson,Tom Kane",EMISION,2008,"Acción,Animación,Aventura,Ciencia ficción,Fantasía,Series de Cartoon Network,Series de Disney+,Series de Netflix",4.5,7,Star Wars: La Guerra de los Clones
"Aidan Gillen,Ksenia Solo,Laura Mennell,Michael Harney,Michael Malarkey,Neal McDonough",FINALIZADA,2019,"Ciencia ficción,Fantasía,Misterio",3.5,2,Proyecto Libro Azul
"Jim Parsons,Johnny Galecki,Kaley Cuoco,Kunal Nayyar,Mayim Bialik,Melissa Rauch,Simon Helberg",FINALIZADA,2007,"Comedia,Series de CBS All Access",4,12,The Big Bang Theory
"Alistair David Herz,Cristal Bubblin,Michael C. Pizzuto,Nelson Hayne,Pelé Kizy",FINALIZADA,2020,"Documental,Series de HBO",4,1,McMillions
"Amber Tamblyn,Ashton Kutcher,Conchata Ferrell,Jon Cryer",FINALIZADA,2003,"Antiguas,Comedia,Series de Amazon,Series de CBS",3.5,12,Two and Half Men
"Arturo Vidal,Ernesto Valverde,Gerard Piqué,John Malkovich,Jordi Alba,Lionel Messi,Marc-André Ter Stegen,Sergio Busquets",FINALIZADA,2019,Documental,5,1,Matchday: Inside FC Barcelona
"Jason Alexander,Jerry Seinfeld,Julia Louis-Dreyfus,Michael Richards",FINALIZADA,1989,"Antiguas,Comedia,Series de Amazon",0,9,Seinfeld
,EMISION,2020,"Documental,Series de Netflix",1.5,1,Street Food: Latinoamérica
Aaron Mahnke,FINALIZADA,2017,"Documental,Drama,Misterio,Series de Amazon",5,2,Lore
,EMISION,2020,Documental,5,1,The Last Narc
"Benito Martinez,Catherine Dent,Cathy Cahlin Ryan,CCH Pounder,David Marciano,David Rees Snell,Jay Karnes,Kenny Johnson,Laurie Holden,Michael Chiklis,Michael Jace,Paula Garcés",FINALIZADA,2002,"Acción,Aventura,Crimen,Drama,Series de Amazon",3.5,7,The Shield: Al margen de la ley
"Claudine Mboligikpelani Nako,Elijah Stevenson,Jahi Di'Allo Winston,Patch Darragh,Peyton Kennedy,Quinn Liebling,Rio Mangini,Sydney Sweeney",FINALIZADA,2018,"Comedia,Drama,Series de Netflix",0,1,Todo es una Mierda
"Ben Platt,Bette Midler,Gwyneth Paltrow,Judith Light,Julia Schlaepfer,Laura Dreyfuss,Lucy Boynton,Rahne Jones,Theo Germaine,Zoey Deutch",EMISION,2019,"Comedia,LGBT,Series de Netflix",5,2,The Politician
"Bryson Bauguss,Emily Neves,Marty Fleck",EMISION,2019,"Acción,Animación,Aventura,Ciencia ficción,Fantasía,Series de Netflix",4,1,Saint Seiya: Los Caballeros del Zodiaco
"Alex Frnka,Bubba Lewis,Christine Scott Bennett,Joey Pollari,Mark L. Young,Zack Pearlman",FINALIZADA,2012,Comedia,5,1,The Inbetweeners
"Manoj Bajpayee,Neeraj Madhav,Priyamani,Sharib Hashmi,Vedant Sinha",FINALIZADA,2019,"Acción,Aventura,Comedia,Drama",0,1,The Family Man
"Cláudia Okuno,Danilo Mesquita,Mariana Sena",EMISION,2020,"Ciencia ficción,Fantasía,Series de Netflix",5,1,Spectros
"Mary J. Blige,Method Man,Michael Rainey Jr.,Paige Hurd",EMISION,2020,"Crimen,Drama,Series de Starz",4,1,Power Book II: Ghost
Jordan Peele,EMISION,2019,"Ciencia ficción,Drama,Fantasía,Misterio",4,1,The Twilight Zone
"Melissa Joan Hart,Nick Bakay",FINALIZADA,1996,"Antiguas,Ciencia ficción,Comedia,Familia,Fantasía,Series de ABC,Series de The WB",4,7,"Sabrina, la bruja adolescente"
,FINALIZADA,2020,"Documental,Series de Netflix",3,1,"Nisman: El fiscal, la presidenta y el espía"
,EMISION,2016,"Documental,Series de Netflix",5,5,Last Chance U
"Björn Thors,Edda Björgvinsdóttir,Gunnar Bersi Björnsson,Nína Dögg Filippusdóttir,Sigurður Skúlason",FINALIZADA,2019,"Crimen,Drama,Series de RÚV",5,1,Los asesinatos del Valhalla
"Andres Sandoval,Carlos Torres,David Ojalvo,Lucho Velasco,Mabel Moreno",EMISION,2018,"Drama,Series de Caracol TV,Series de Netflix,Telenovela",4.5,1,La Reina del Flow
"Alisha Boe,Amy Hargreaves,Brandon Flynn,Brenda Strong,Christian Navarro,Devin Druid,Dylan Minnette,Grace Saif,Justin Prentice,Miles Heizer,Ross Butler,Timothy Granaderos",EMISION,2017,"Drama,Misterio,Series de Netflix",4,4,Por trece razones
"Ignacio Serricchio,Maxwell Jenkins,Mina Sundwall,Molly Parker,Parker Posey,Taylor Russell,Toby Stephens",EMISION,2018,"Acción,Aventura,Ciencia ficción,Drama,Fantasía",0,2,Perdidos en el espacio
"Álex Gadea,Álex García,Alicia Borrachero,Alicia Rubio,Amaia Salamanca,Anna Moliner,Cristóbal Suárez,Daniel Lundh,Federico Pérez Rey,José Sacristán,Miguel Rellán,Nuria Herrero",FINALIZADA,2017,"Drama,Series de Antena 3",5,1,Tiempos de Guerra
"Alex Fitzalan,Alex MacNicoll,Gideon Adlon,Jacques Colimon,José Julián,Kathryn Newton,Kristine Froseth,Maggie Budzyna,Natasha Liu Bordizzo,Olivia DeJonge,Rachel Keller,Sean Berdy",FINALIZADA,2019,"Ciencia ficción,Drama,Fantasía,Series de Netflix",4.5,2,The Society
"Connor Jessup,Darby Stanchfield,Emilia Jones,Jackson Robert Scott,Thomas Mitchell Barnet",EMISION,2020,"Acción,Ciencia ficción,Drama,Fantasía",4,1,Locke & Key
,EMISION,2019,"Comedia,Series de Amazon",5,1,Modern Love
"Allegra Edwards,Andy Allo,Owen Daniels,Robbie Amell,Yvetta Fisher,Zainab Johnson",EMISION,2020,"Comedia,Ciencia ficción,Fantasía,Series de Amazon",4.5,1,Upload
"Brittany O'Grady,Colton Ryan,Kevin Valdez,Phillip Johnson Richardson,Sean Teale,Shalini Bathina",EMISION,2020,"Comedia,Drama",5,1,Little Voice
"Dick Carlier,Iwein Segers,Manou Kersting,Peter De Graef,Ruth Beeckmans,Stef Aerts",EMISION,2020,"Acción,Aventura,Drama,Misterio",5,1,Los Ladrones del Bosque
"Bethany Antonia,Emily Carey,Jessica Alexander,Kim Adis,Mia McKenna-Bruce",EMISION,2020,"Crimen,Drama,Series de BBC iPlayer",4,1,Sed de revancha
"Adrian Grösser,Albert Baró,Anna Maria Barbany,Anna Ycobalzeta,Assun Planas,Boris Ruiz,Candela Antón,Carlos Cuevas,Carlota Olcina,David Solans,Elisabet Casanovas,Ferran Rañé",FINALIZADA,2015,"Comedia,Drama,Series de La Sexta,Series de Netflix,Series de TV3",4,3,Merlí
"Adam Wietrzyński,Agnieszka Grochowska,Ewa Skibińska,Grzegorz Damięcki,Hubert Miłkowski,Jacek Koman,Krzysztof Zarzecki,Martyna Byczkowska,Roman Gancarczyk,Wiktoria Filus",EMISION,2020,"Drama,Misterio,Series de Netflix",2.5,1,The Woods
"Alejandro Speitzer,Erik Hayser,Maite Perroni",EMISION,2020,"Drama,Misterio,Series de Netflix",3.5,1,Oscuro Deseo
"Amber Midthunder,Aubrey Plaza,Bill Irwin,Dan Stevens,Hamish Linklater,Jeremie Harris,Lauren Tsai,Navid Negahban,Rachel Keller",FINALIZADA,2017,"Acción,Aventura,Ciencia ficción,Fantasía,Marvel,Series de FOX,Series de Netflix",0,3,Legion
"Alexander Calvert,Jared Padalecki,Jensen Ackles,Misha Collins",EMISION,2005,"Ciencia ficción,Drama,Fantasía,Misterio,Series de The CW,Series de The WB",4.5,15,Supernatural
"Christa B. Allen,Emily VanCamp,Gabriel Mann,James Tupper,Joshua Bowman,Karine Vanasse,Madeleine Stowe,Nick Wechsler",FINALIZADA,2011,"Drama,Misterio,Series de ABC,Soap",5,4,Revenge
"Adam McArthur,Artt Butler,Eden Sher,Grey DeLisle",FINALIZADA,2015,"Acción,Animación,Aventura,Ciencia ficción,Comedia,Fantasía,Series de Disney XD",4.5,4,Star vs las fuerzas del mal
"Dan Castellaneta,Hank Azaria,Harry Shearer,Julie Kavner,Nancy Cartwright,Yeardley Smith",EMISION,1989,"Animación,Antiguas,Comedia,Series de FOX",4,31,Los Simpson
"Ed Helms,Jenna Fischer,John Krasinski,Rainn Wilson",FINALIZADA,2005,"Comedia,Series de Amazon",5,9,The Office
"Domhnall Gleeson,Merritt Wever",EMISION,2020,"Comedia,Drama,Series de HBO",5,1,Run
,EMISION,2020,Documental,2.5,1,Los más buscados del mundo
"Bill Rogers,Brook Chalmers,Edward Bosco,Frank Todaro,Jake Foushee,Jason Marnocha,Joe Zieja,Kaiser Johnson,Keith Silverstein,Linsay Rousseau,Mark Whitten,Miles Luna",EMISION,2020,"Acción,Animación,Aventura,Ciencia ficción,Fantasía,Kids",4.5,1,Transformers: La guerra por Cybertron
"Asante Blackk,Charles Kim,Chris Sullivan,Chrissy Metz,Eris Baker,Faithe Herman,Griffin Dunne,Hannah Zeile,Jon Huertas,Jonathan Davis,Justin Hartley,Logan Shroyer",EMISION,2016,"Comedia,Drama,Series de NBC",5,4,This Is Us
"Alex Black,Austin Butler,Carlie Casey,Christian Serratos,Daniel Curtis Lee,Daran Norris,Devon Werkheiser,Don Creech,Hamilton Mitchell,Kyle Swann,Lindsey Shaw,Meshach Taylor",FINALIZADA,2004,"Comedia,Series de Nickelodeon",4.5,3,Manual de supervivencia escolar de Ned
"Brenda Song,Cole Sprouse,Debby Ryan,Dylan Sprouse,Phill Lewis",FINALIZADA,2008,"Comedia,Familia,Series de Disney Channel",3.5,3,Zack y Cody: Gemelos a bordo
"Hikaru Midorikawa,Kaito Ishikawa,Makoto Furukawa",EMISION,2015,"Acción,Animación,Anime,Aventura,Comedia",4,2,One Punch Man
"Harold Torres,Jean Roland Dufresne",EMISION,2017,"Comedia,Acción,Aventura,Series de Movistar+",5,2,Run Coyote Run
"Brenda Song,Cole Sprouse,Debby Ryan,Dylan Sprouse,Phill Lewis",FINALIZADA,2008,"Comedia,Familia,Series de Disney Channel",5,3,Zack y Cody: Gemelos en acción
"Chloe Bennet,Clark Gregg,Elizabeth Henstridge,Henry Simmons,Iain De Caestecker,Jeff Ward,Ming-Na Wen,Natalia Córdova-Buckley",EMISION,2013,"Acción,Aventura,Ciencia ficción,Drama,Familia,Marvel,Series de ABC",5,7,Marvel's Agentes de S.H.I.E.L.D.
"Bill Barretta,Dave Goelz,David Rudman,Eric Jacobson,Julianne Buescher,Matt Vogel,Mike Quinn,Peter Linz",EMISION,2020,"Comedia,Familia,Series de Disney+",3.5,1,Más Muppets que nunca
"Ariana Grande,Cameron Ocasio,Jennette McCurdy,Maree Cheatham",FINALIZADA,2013,"Comedia,Series de Nickelodeon",4,1,Sam y Cat
"April Stewart,Matt Stone,Mona Marshall,Trey Parker",EMISION,1997,"Animación,Antiguas,Comedia,Series de Comedy Central",5,23,South Park
"Bryan Cranston,Christopher Masterson,Erik Per Sullivan,Frankie Muniz,James Rodriguez,Jane Kaczmarek,Justin Berfield,Lukas Rodriguez",FINALIZADA,2000,"Antiguas,Comedia,Series de Amazon,Series de FOX",4.5,7,Malcolm in the Middle
"Dawnn Lewis,Eugene Cordero,Fred Tatasciore,Gillian Vigman,Jack Quaid,Jerry O'Connell,Noël Wells,Tawny Newsome",EMISION,2020,"Acción,Animación,Aventura,Ciencia ficción,Comedia,Fantasía,Series de CBS All Access",0,1,Star Trek: Lower Decks
"Alan Reed,Allan Melvin,Bea Benaderet,Daws Butler,Don Messick,Doug Young,Gerry Johnson,Hal Smith,Harvey Korman,Henry Corden,Howard Morris,Jean Vander Pyl",FINALIZADA,1960,"Animación,Antiguas,Comedia,Familia,Kids,Series de ABC",4.5,6,Los Picapiedra
"Deedee Magno,Estelle,Grace Rolek,Jennifer Paz,Michaela Dietz,Shelby Rabara,Tom Scharpling,Zach Callison",FINALIZADA,2013,"Acción,Animación,Aventura,Ciencia ficción,Comedia,Familia,Fantasía,Series de Cartoon Network",4.5,5,Steven Universe
"Ariel Winter,Aubrey Anderson-Emmons,Ed O'Neill,Eric Stonestreet,Jeremy Maguire,Jesse Tyler Ferguson,Julie Bowen,Nolan Gould,Reid Ewing,Rico Rodriguez,Sarah Hyland,Sofía Vergara",FINALIZADA,2009,"Comedia,Series de ABC",5,11,Modern Family
"Brendan Hunt,Brett Goldstein,Hannah Waddingham,Jason Sudeikis,Jeremy Swift,Juno Temple,Nick Mohammed,Phil Dunster",EMISION,2020,"Comedia,Series de Apple TV+",3.5,1,Ted Lasso
"Alfre Woodard,Mike Colter,Mustafa Shakir,Rosario Dawson,Simone Missick,Theo Rossi",FINALIZADA,2016,"Acción,Aventura,Ciencia ficción,Crimen,Drama,Fantasía,Marvel,Series de Netflix",5,2,Luke Cage
"Aislinn Derbez,Arturo Ríos,Cecilia Suárez,Dario Yazbek Bernal,Juan Pablo Medina,Luis de la Rosa,Norma Angélica,Paco León",EMISION,2018,"Comedia,Drama,Series de Netflix",4.5,3,La casa de las flores
"Masaba Gupta,Neena Gupta,Neil Bhoopalam,Satyadeep Misra,Sunita Rajwar",EMISION,2020,"Comedia,Drama,Series de Netflix",0,1,Masaba Masaba
"Angely Gaviria,Carlos Quintero,Duban Prado,Dylan Fuentes,Lenard Vanderaa,Luis Fernando Hoyos,Sebastián Eslava,Sofia Araujo,Valeria Emiliani,Verónica Orozco",EMISION,2019,"Ciencia ficción,Drama,Fantasía,Series de Netflix",4,2,Siempre Bruja
"Anna Favella,César Bordón,Diego Boneta,Juan Pablo Zurita,Óscar Jaenada",EMISION,2018,"Drama,Series de Netflix",3,1,Luis Miguel: La Serie
"Frieda Barnhard,Hans Kesting,Jade Olieberg,Lisa Smit,Rifka Lodeizen,Tobias Kersloot",EMISION,2020,"Misterio,Series de Netflix",2.5,1,Ares
"Anna Castillo,Debi Mazar,Fabiana García Lago,Inma Cuesta,Julián Villagrán,Ken Appledorn,Osmar Nuñez,Paco León",FINALIZADA,2018,"Comedia,Drama,Series de Movistar+",5,1,Arde Madrid
"Alberto Ajaka,Balthazar Murillo,Sofía Gala Castiglione,Vanesa González",EMISION,2019,"Drama,Series de Netflix",4,1,Apache: La vida de Carlos Tevez
"Amybeth McNulty,Aymeric Jett Montaz,Corrine Koslo,Dalila Bela,Geraldine James,Lucas Jade Zumann,R. H. Thomson",FINALIZADA,2017,"Drama,Familia",4.5,3,Anne with an E
"Ana de la Reguera,Andrés Almeida,Eduardo España,Paulina Dávila,Tina Romero",EMISION,2020,"Comedia,Series de Amazon",3.5,1,Ana
"Angelica Ross,Berko Maya Rose,Billie Lourd,Cody Fern,Emma Roberts,Gus Kenworthy,Jacquie Barnbrook,John Carroll Lynch,Leslie Grossman,Matthew Morrison,Zach Villa",EMISION,2011,"Ciencia ficción,Drama,Fantasía,Misterio,Series de FOX",4,10,American Horror Story
"Álex González,Claudia Traisac,José Coronado",FINALIZADA,2018,"Crimen,Drama,Series de Telecinco",4,2,Vivir sin Permiso
"Alba Flores,Ana María Picchio,Claudia Riera,Daniel Ortiz,Isabel Naveira,Itziar Castro,Lisi Linder,Lucas Ferraro,Maggie Civantos,Najwa Nimri,Ramiro Blas",EMISION,2020,"Drama,Series de FOX",3.5,1,Vis a vis: El Oasis
"Ariana Grande,Avan Jogia,Daniella Monet,Elizabeth Gillies,Eric Lange,Jake Farrow,Leon G. Thomas III,Matt Bennett,Michael Eric Reid,Victoria Justice",FINALIZADA,2010,"Comedia,Drama,Familia,Series de Nickelodeon",4.5,4,Victorious
"Eric McCormack,Jared Abrahamson,MacKenzie Porter,Nesta Cooper,Patrick Gilmore,Reilly Dolman",FINALIZADA,2016,"Drama,Ciencia ficción,Fantasía,Series de Netflix,Series de Showcase",4,3,Viajeros
"Daniela Santiago,Ester Expósito,Goya Toledo,Isabela Torres,Jedet Sánchez,La Zowi,Lola Dueñas,Lola Rodriguez",EMISION,2020,"Comedia,Documental,Drama,Series de Atresplayer",4,1,Veneno
"Aleks Paunovic,Caroline Cave,Christopher Heyerdahl,John Cassini,Jonathan Scarfe,Keeya King,Kelly Overton,Neal McDonough,Nicole Muñoz,Rukiya Bernard,Tricia Helfer,Vincent Gale",EMISION,2016,"Acción,Aventura,Ciencia ficción,Fantasía,Misterio,Series de Syfy",4.5,4,Van Helsing
"Aliocha Schneider,Dylan Robert,Juliette Cardinski,Kate Moran,Mounir Amamra,Oulaya Amamra,Pierre Lottin,Suzanne Clément",EMISION,2020,"Drama,Ciencia ficción,Fantasía,Series de Netflix",3,1,Vampiros
"Christopher Sommers,Elizabeth Cullen,Jamie Carter,Julian Cullen,Kimie Tsukakoshi,Melanie Zanetti,Mia Milnes,Nicholas Bell,Rainbow Wedell",EMISION,2018,"Ciencia ficción,Fantasía",5,1,Agencia de asuntos mágicos
"Anjelica Bette Fellini,Kadeem Hardison,Maddie Phillips",EMISION,2020,"Comedia,Crimen,Drama,Series de Netflix",5,1,Adolescentes cazadoras de recompensas
,EMISION,2014,"Reality,Series de MTV",4,7,Acapulco Shore
"Amanda Campana,Coco Rebecca Edogamhe,Ludovico Tersigni",EMISION,2020,"Drama,Series de Netflix",4,1,A tres metros sobre el cielo: La serie
"Diana Gómez,Ibrahim Al Shami,Maxi Iglesias,Paula Malia,Silma López,Teresa Riott",EMISION,2020,"Comedia,Drama,Series de Netflix",4,1,Valeria
"Andre Braugher,Andy Samberg,Joe Lo Truglio,Melissa Fumero,Stephanie Beatriz,Terry Crews",EMISION,2013,"Comedia,Crimen,Series de FOX,Series de NBC",5,7,Brooklyn Nine-Nine
"Aaron Paul,Anna Gunn,Betsy Brandt,Bob Odenkirk,Bryan Cranston,Dean Norris,Jonathan Banks,RJ Mitte",FINALIZADA,2008,Drama,4,5,Breaking Bad
"Alden Ehrenreich,Hannah John-Kamen,Harry Lloyd,Jessica Brown Findlay,Joseph Morgan,Kylie Bunbury,Nina Sosanya,Sen Mitsuji",EMISION,2020,"Drama,Ciencia ficción,Fantasía,Series de Peacock",5,1,Brave New World
"Amy Aquino,Jamie Hector,Lance Reddick,Titus Welliver",EMISION,2014,"Crimen,Drama,Misterio,Series de Amazon",0,6,Bosch
"David Boreanaz,Emily Deschanel,John Boyd,Michaela Conlin,T. J. Thyne,Tamara Taylor",FINALIZADA,2005,"Crimen,Drama",4.5,12,Bones
"Aaron Paul,Alison Brie,Amy Sedaris,Paul F. Tompkins,Will Arnett",FINALIZADA,2014,"Animación,Comedia,Drama,Series de Netflix",4,6,BoJack Horseman
,EMISION,2020,"Series de Netflix,Ciencia ficción",3.5,1,Bloodride
"Ashley Johnson,Audrey Esparza,Ennis Esmer,Jaimie Alexander,Mary Elizabeth Mastrantonio,Sullivan Stapleton",EMISION,2015,"Acción,Crimen,Drama,Series de NBC",4.5,5,Blindspot
,EMISION,2011,"Drama,Ciencia ficción,Fantasía",4,5,Black Mirror
"China Anne McClain,Christine Adams,Cress Williams,Damon Gupton,James Remar,Jordan Calloway,Marvin 'Krondon' Jones III,Nafessa Williams",EMISION,2018,"Acción,Aventura,Ciencia ficción,DC Comics,Drama,Fantasía",5,3,Black Lightning
,EMISION,2020,"Drama,Ciencia ficción,Fantasía,Series de Netflix",5,1,Biohackers
"Lee Rodriguez,Maitreyi Ramakrishnan,Poorna Jagannathan,Richa Moorjani",EMISION,2020,"Comedia,Drama,Series de Netflix",4,1,Yo nunca
"Alessandro Tedeschi,Anna Ferzetti,Federica Pocaterra,Federico Russo,Filippo Marsili,Giulio Brizzi,Juju Di Domenico,Luca Castellano,Luca Lionello,Margherita Morchio,Max Malatesta,Salvatore De Santis",EMISION,2020,"Ciencia ficción,Drama,Fantasía,Misterio,Series de Netflix",5,1,Curon
"Ana Valeria Becerril,Andres Baida,Ariana Saavedra,Fiona Palomo,Lidia San José,Macarena García,Mauro Sánchez Navarro,Michael Ronda,Patricio Gallardo,Paulina Castro,Xabiani Ponce de León,Yankel Stevan",EMISION,2020,"Drama,Series de Netflix",4,1,Control Z
"Angélica Celaya,Charles Halford,Harold Perrineau,Matt Ryan",FINALIZADA,2014,"Acción,Aventura,Ciencia ficción,DC Comics,Drama,Fantasía,Series de NBC",5,1,Constantine
"Damian Hardung,Danilo Kamperidis,Lena Klenke,Maximilian Mundt",EMISION,2019,"Comedia,Crimen,Drama,Series de Netflix",4,2,Como Vender Drogas Online
"Fabrizio Santini,Juanita Arias,Lucía Gómez-Robledo,Octavio Hinojosa Martínez,Pamela Almanza,Roberto Flores,Sebastián Zurita,Tato Alexander",EMISION,2020,"Comedia,Drama,Series de Amazon",4.5,1,Cómo sobrevivir soltero
"Aja Naomi King,Amirah Vann,Billy Brown,Charlie Weber,Conrad Ricamora,Jack Falahee,Liza Weil,Matt McGorry,Rome Flynn,Viola Davis",FINALIZADA,2014,"Crimen,Drama,Misterio,Series de ABC",4,6,Cómo Defender a un Asesino
"Alison Brie,Danny Pudi,Gillian Jacobs,Jim Rash,Joel McHale,Keith David,Ken Jeong,Paget Brewster",FINALIZADA,2009,"Comedia,Series de NBC,Series de Netflix",5,6,Community
"Courtney Henggeler,Gianni Decenzo,Jacob Bertrand,Martin Kove,Mary Mouser,Nichole Brown,Peyton List,Ralph Macchio,Tanner Buchanan,William Zabka,Xolo Mariduena",EMISION,2018,"Acción,Aventura,Drama,Series de Netflix",4,2,Cobra Kai
"Antonio de la Vega,Daniel Giménez Cacho,Juan Pablo de Santiago,Luis Gerardo Méndez,Mariana Treviño,Stephanie Cayo",FINALIZADA,2015,"Comedia,Drama,Series de Netflix",4,4,Club de Cuervos
"Aubrey Joseph,Emma Lahana,Olivia Holt",FINALIZADA,2018,"Acción,Aventura,Ciencia ficción,Drama,Fantasía",5,2,Cloak y Dagger
,FINALIZADA,2020,"Crimen,Documental,Series de Netflix",0,1,Ciudad del Miedo: Nueva York vs La Mafia
"Antonio Sanint,Biassini Segura,Jacques Toukhmanian,Julián Cerati,Julio Cesar Herrera,María Cecilia Sánchez,Mariana Gómez",EMISION,2020,"Comedia,Series de Netflix",4.5,1,Chichipatos
"Carla Woodcock,Celine Buckens,Freddy Carter,Jaylen Barron,Kerry Ingram,Manpreet Bambra",FINALIZADA,2017,"Drama,Familia,Kids,Series de Netflix",4.5,3,A rienda suelta
"Belén López,Daniel Mays,Juan Diego Botto,Laura Haddock,Marta Milans,Nuno Lopes,Pedro Casablanc,Tom Rhys Harries",EMISION,2020,"Crimen,Drama,Misterio,Series de Netflix",5,1,White Lines
"Aaron Paul,Ed Harris,Evan Rachel Wood,Jeffrey Wright,Tessa Thompson,Thandie Newton",EMISION,2016,"Ciencia ficción,Series de HBO,Western",3.5,3,Westworld
"Djimon Hounsou,Jason Patric,Josh Helman,Kacey Rohl,Nimrat Kaur,Tom Stevens",FINALIZADA,2015,"Ciencia ficción,Drama,Fantasía,Misterio,Series de FOX",5,2,Wayward Pines
"Fred Armisen,Jason Mantzoukas,Jenny Slate,Jessi Klein,John Mulaney,Jordan Peele,Maya Rudolph,Nick Kroll",EMISION,2017,"Animación,Comedia",3.5,3,Big Mouth
"Adam Scott,Alexander Skarsgård,Crystal R. Fox,Darby Camp,Douglas Smith,Iain Armitage,James Tupper,Kathryn Newton,Laura Dern,Meryl Streep,Nicole Kidman,Reese Witherspoon",EMISION,2017,"Drama,Series de HBO",5,2,Big Little Lies
"Ajani Russell,Dede Lovelace,Moonbear,Nina Moran,Rachelle Vinberg",EMISION,2020,"Comedia,Drama,Series de HBO",3.5,1,Betty
"Bob Odenkirk,Giancarlo Esposito,Jonathan Banks,Michael Mando,Patrick Fabian,Rhea Seehorn,Tony Dalton",EMISION,2015,"Comedia,Crimen,Drama,Series de Netflix",4,5,Better Call Saul
"Camrus Johnson,Dougray Scott,Elizabeth Anweis,Meagan Tandy,Nicole Kang,Rachel Skarsten,Ruby Rose",EMISION,2019,"Acción,Aventura,Ciencia ficción,Crimen,DC Comics,Fantasía,Misterio,Series de The CW",4,1,Batwoman
"Freddie Highmore,Max Thieriot,Nestor Carbonell,Olivia Cooke,Vera Farmiga",FINALIZADA,2013,"Crimen,Drama,Misterio,Series de A&E",4.5,5,Bates Motel
"Craig Heaney,Dale Dye,Damian Lewis,Dexter Fletcher,Donnie Wahlberg,Douglas Spain,Eion Bailey,Frank John Hughes,James Madio,Kirk Acevedo,Matthew Leitch,Matthew Settle",FINALIZADA,2001,"Drama,Política,Series de HBO GO",2.5,1,Band of Brothers
"Donovan W. Carter,Dwayne Johnson,John David Washington,London Brown,Omar Benson Miller,Rico Torres,Rob Corddry,Troy Garity",FINALIZADA,2015,"Comedia,Drama,Series de HBO,Series de HBO GO",5,5,Ballers
"Alexander Koch,Colin Ford,Dean Norris,Eddie Cahill,Kylie Bunbury,Mackenzie Lintz,Mike Vogel,Rachelle Lefevre",FINALIZADA,2013,"Drama,Misterio,Sci-Fi & Fantasy",4.5,3,Bajo el domo
"Ahmad Kaabour,Alejandro Arroyo,Alexander Scheer,Aljoscha Stadelmann,Antoine Balabane,Christoph Bach,Edgar Ramírez,Juana Acosta,Julia Hummer,Nora von Waldstätten,Rodney El Haddad,Talal Jurdi",FINALIZADA,2010,"Crimen,Drama,Política,Reality,Series de Amazon",0,1,Carlos
"Eva Llorach,Javier Ruesga,Jorge Clemente,Kimberley Tell,Lucía Martín Abello,Pepo Llopís,Pol Monen",EMISION,2020,Drama,3.5,1,Campamento Albanta
"Andrew Howard,Dylan Schombing,Jean Smart,Jeremy Irons,Louis Gossett Jr.,Regina King,Sara Vickers,Tim Blake Nelson,Tom Mison,Yahya Abdul-Mateen II",FINALIZADA,2019,"Animación,Aventura,Ciencia ficción,Crimen,Drama,Fantasía,Series de HBO",4,1,Watchmen
"Andy Lucas,Daniel West,David Bamber,Derek Riddell,Edward Holcroft,Hugh Alexander,Josh Moran,Kate Wood,Kit Harington,Liv Tyler,Luke Broughton,Luke Neal",FINALIZADA,2017,"Drama,Política,Series de BBC One",5,1,Gunpowder
Gaten Matarazzo,EMISION,2019,"Comedia,Reality,Series de Netflix",3,1,"Grita, Te Estamos Filmando"
"Ben McKenzie,Camren Bicondova,Cory Michael Smith,David Mazouz,Donal Logue,Erin Richards,Robin Lord Taylor,Sean Pertwee",FINALIZADA,2014,"Crimen,DC Comics,Drama,Fantasía,Series de FOX",4,5,Gotham
"Blake Lively,Chace Crawford,Ed Westwick,Kaylee DeFer,Kelly Rutherford,Leighton Meester,Matthew Settle,Penn Badgley",FINALIZADA,2008,"Comedia,Series de The CW",4,6,Gossip Girl
"Adria Arjona,Alfie Taylor,Amma Ris,Anna Maxwell Martin,Daniel Mays,David Tennant,Frances McDormand,Ilan Galkoff,Jack Whitehall,Jon Hamm,Michael McKean,Michael Sheen",FINALIZADA,2019,"Ciencia ficción,Comedia,Drama,Fantasía,Series de Amazon",5,1,Good Omens
"Fabio De Caro,Fortunato Cerlino,Marco D'Amore,Marco Palvetti,Maria Pia Calzone,Salvatore Esposito",EMISION,2014,"Crimen,Drama,Series de HBO GO",5,4,Gomorra
"Amber Riley,Chord Overstreet,Chris Colfer,Darren Criss,Dot-Marie Jones,Jane Lynch,Kevin McHale,Lea Michele,Matthew Morrison",FINALIZADA,2009,"Comedia,Drama,Series de FOX",5,6,Glee
"Ala Riani,Albin Grenholm,Aliette Opheim,Amanda Sohrabi,Amed Bozan,Arvin Kananian,Gizem Erdogan,Lancelot Ncube,Monica Albornoz,Nora Rios,Simon Mezher,Yussra El Abdouni",FINALIZADA,2020,"Drama,Política,Series de SVT1",4.5,1,Califato
"Carlos Santos,Jaime Alvarez,Joseph Julian Soria,Karrie Martin",EMISION,2020,"Comedia,Drama",5,1,Gentefied
"Al Pacino,Carol Kane,Jerrika Hinton,Josh Radnor,Kate Mulvany,Logan Lerman,Louis Ozawa Changchien,Saul Rubinek,Tiffany Boone",EMISION,2020,"Crimen,Drama,Series de Amazon",4,1,Hunters
"Alyson Hannigan,Cobie Smulders,Cristin Milioti,Jason Segel,Josh Radnor,Neil Patrick Harris",FINALIZADA,2005,"Comedia,Series de Amazon,Series de CBS",5,9,How I Met Your Mother
"Boris McGiver,Campbell Scott,Cody Fern,Constance Zimmer,Derek Cecil,Diane Lane,Greg Kinnear,Lars Mikkelsen,Michael Kelly,Patricia Clarkson,Robin Wright",FINALIZADA,2013,"Drama,Series de Netflix",3.5,6,House of Cards
"Dee Bradley Baker,Hynden Walch,Jeremy Shada,Jessica DiCicco,John DiMaggio,Maria Bamford,Niki Yang,Olivia Olson,Pendleton Ward,Polly Lou Livingston,Steve Little,Tom Kenny",FINALIZADA,2010,"Animación,Comedia,Fantasía",4.5,10,Hora de aventura
"A.D. Miles,Cleo King,Jake Johnson,Natasha Leggero,Rob Riggle,Ron Funches",EMISION,2020,"Animación,Comedia,Series de Netflix",4.5,1,Hoops
"Claire Danes,Costa Ronin,Linus Roache,Mandy Patinkin,Maury Sterling,Nimrat Kaur,Numan Acar",FINALIZADA,2011,"Acción,Aventura,Crimen,Drama,Política,Series de Showtime",4.5,8,Homeland
Janelle Monáe,EMISION,2018,"Drama,Series de Amazon",0,2,Homecoming
"Abby Miller,Adrian Hough,Aziza Scott,Brooklynn Prince,Deric McCabe,Jibrail Nantambu,Jim Sturgess,Joelle Carter,Kylie Rogers,Louis Herthum,Michael Weston",EMISION,2020,"Drama,Misterio,Series de Apple TV+",4.5,1,Home Before Dark
"Choi Yeo-jin,Hwang Chan-sung,Kang Seung-hyun,Kim Soo-jin,Ko Sung-hee,Lee Jung-eun,Lee Ki-chan,Yoon Hyun-min",FINALIZADA,2020,"Drama,Ciencia ficción,Fantasía,Series de Netflix",4,1,"Holo, mi amor"
"Alejandro Calva,Dario Yazbek Bernal,Diana Bovio,Regina Blandón",FINALIZADA,2020,"Crimen,Drama,Series de Netflix",3.5,1,Historia de un crimen: La búsqueda
"Charlie Hunnam,David Labrava,Dayton Callie,Drea de Matteo,Jimmy Smits,Katey Sagal,Kim Coates,Mark Boone Junior,Niko Nicotera,Theo Rossi,Tommy Flanagan",FINALIZADA,2008,"Crimen,Drama,Series de FX",5,7,Hijos de la anarquía
"Amaury Nolasco,Atkins Estimond,Dohn Norwood,James Badge Dale,Monica Raymund,Riley Voelkel,Shane Harper",EMISION,2020,"Drama,Series de Starz",3.5,1,Hightown
Charles Martinet,FINALIZADA,2020,"Documental,Series de Netflix",0,1,High Score: El mundo de los videojuegos
"Dara Reneé,Frankie A. Rodriguez,Joshua Bassett,Julia Lester,Kate Reinders,Larry Saperstein,Mark St. Cyr,Matt Cornett,Olivia Rodrigo,Sofia Wylie",EMISION,2019,"Comedia,Drama,Familia,Música,Series de Disney+",4.5,1,High School Musical: El Musical: La Serie
"Ahn Nae-sang,Bae Hae-sun,Ban Hyo-jung,Han In-soo,Kim Dae-gon,Kim Mi-kyeong,Kim Mi-su,Kim Tae-hee,Lee Kyoo-hyung,Lee Si-Woo,Park Eun-hye,Park Su-young",FINALIZADA,2020,"Ciencia ficción,Comedia,Dorama,Drama,Fantasía",4,1,"Hi Bye, Mama!"
"Adrian Pasdar,Ali Larter,Cristine Rose,Greg Grunberg,Hayden Panettiere,Jack Coleman,James Kyson,Masi Oka,Milo Ventimiglia,Robert Knepper,Sendhil Ramamurthy,Zachary Quinto",FINALIZADA,2006,"Drama,Ciencia ficción,Fantasía,Series de Amazon,Series de NBC",5,4,Héroes
"Alyssa Milano,Brian Krause,Holly Marie Combs,Kaley Cuoco,Rose McGowan",FINALIZADA,1998,"Antiguas,Comedia,Drama,Misterio,Series de The WB",5,8,Hechiceras
"Dolores Heredia,Julián Román",FINALIZADA,2016,"Drama,Reality",0,1,Hasta que te conocí
"Aaron Pierre,Ann Ogbomo,Blake Ritson,Cameron Cuffe,Colin Salmon,Georgina Campbell,Hannah Waddingham,Ian McElhinney,Rasmus Hardiker,Shaun Sipos,Wallis Day",FINALIZADA,2018,"Acción,Aventura,Ciencia ficción,DC Comics,Drama,Fantasía",0,2,Krypton
"Bae Doo-na,Huh Joon-ho,Ju Ji-hoon,Jun Suk-ho,Kim Hye-jun,Kim Sang-ho,Kim Sung-kyu,Ryu Seung-ryong",EMISION,2019,"Acción,Aventura,Drama,Misterio,Series de Netflix",4.5,2,Kingdom
"Fiona Shaw,Jodie Comer,Kim Bodnia,Sandra Oh",EMISION,2018,"Crimen,Drama,Series de BBC America",5,3,Killing Eve
"Dan Frischman,Kel Mitchell,Ken Foree,Kenan Thompson,Teal Marchande,Vanessa Baden",FINALIZADA,1996,"Antiguas,Comedia,Series de Nickelodeon",5,4,Kenan y Kel
"Alice Eve,Finn Jones,Jessica Henwick,Jessica Stroup,Sacha Dhawan,Tom Pelphrey",FINALIZADA,2017,"Acción,Aventura,Ciencia ficción,Drama,Fantasía,Marvel,Series de Netflix",0,2,Iron Fist
"Ingrid García-Jonsson,Jon Arias,Juan Diego Botto,Lola Dueñas,Mario Casas,Óscar Casas,Silvia Alonso",FINALIZADA,2019,"Drama,Misterio,Series de Movistar+",3,1,Instinto
"Alexa Demie,Algee Smith,Angus Cloud,Barbie Ferreria,Eric Dane,Hunter Schafer,Jacob Elordi,Maude Apatow,Nika King,Storm Reid,Sydney Sweeney,Zendaya",EMISION,2019,"Drama,Series de HBO",4,1,Euphoria
"Barrett Doss,Danielle Savre,Grey Damon,Jaina Lee Ortiz,Jason George,Jay Hayden,Miguel Sandoval,Okieriete Onaodowan",EMISION,2018,"Drama,Series de ABC",4,3,Estación 19
"Kathleen Rose Perkins,Richard Ellis,Sofia Bryant,Sophia Lillis,Wyatt Oleff",EMISION,2020,"Comedia,Drama,Series de Netflix",4,1,Esta mierda me supera
"Alison Fernandez,Andrew J. West,Colin O'Donoghue,Dania Ramirez,Gabrielle Anwar,Lana Parrilla,Mekia Cox,Robert Carlyle",FINALIZADA,2011,"Ciencia ficción,Drama,Fantasía,Series de ABC,Series de Netflix",3,7,Érase una vez
"Dallas Roberts,Debby Ryan,Kimmy Shields,Vincent Rodriguez III",FINALIZADA,2018,"Comedia,Drama,Series de Netflix",4,2,Insatiable
"Anson Mount,Ellen Woglom,Eme Ikwuakor,Isabelle Cornish,Iwan Rheon,Ken Leung,Mike Moh,Serinda Swan,Sonya Balmores",FINALIZADA,2017,"Acción,Aventura,Drama,Marvel",5,1,Inhumans
"Bryshere Y. Gray,Taraji P. Henson,Terrence Howard,Trai Byers,Vivica A. Fox",FINALIZADA,2015,"Drama,Música,Series de FOX",5,6,Empire
"Michael Jordan,Phil Jackson,Scottie Pippen,Stephen Douglas Kerr",EMISION,2020,"Documental,Series de ESPN+,Series de Netflix",4,1,El último baile
Janelle Monáe,FINALIZADA,2020,"Documental,Series de Netflix",3.5,1,"El Sexo, en pocas palabras"
"Andrés Parra,Christian Tappán",EMISION,2020,"Crimen,Drama,Series de Netflix",4.5,1,El robo del siglo
"Bianca Byington,Bruno Garcia,Caio Horowicz,Denise Fraga,Esther Tinman,Grace Passô,Iza Moreira,Kevin Vechiatto,lávio Tolezani,Luana Nastas,Michel Joelsas,Thomas Aquino",EMISION,2020,"Drama,LGBT,Misterio,Series de Netflix",4.5,1,El reto del beso
"Andrés Parra,Gonzalo Robles,Karla Souza,Luis Gnecco,Paulina Gaitán,Sergio Hernández",EMISION,2020,"Drama,Series de Amazon",3.5,1,El Presidente
,EMISION,2020,"Documental,Series de Movistar+",1,1,El Palmar de Troya
"Antoinette Crowe-Legacy,Forest Whitaker,Giancarlo Esposito,Ilfenesh Hadera,Kathrine Narducci,Kelvin Harrison Jr.,Lucy Fry,Nigel Thatch,Paul Sorvino,Rafi Gavron,Vincent D'Onofrio",EMISION,2019,"Crimen,Drama,Series de Epix,Series de FOX",3.5,1,El Padrino de Harlem
"Chance Perdomo,Gavin Leatherwood,Jaz Sinclair,Kiernan Shipka,Lachlan Watson,Lucy Davis,Michelle Gomez,Miranda Otto,Richard Coyle,Ross Lynch,Tati Gabrielle",EMISION,2018,"Ciencia ficción,Drama,Fantasía,Misterio,Series de Netflix",4,3,El mundo oculto de Sabrina
"Joe Adler,Josie Loren,Owain Yeoman,Robin Tunney,Rockmond Dunbar,Simon Baker,Tim Kang",FINALIZADA,2008,"Crimen,Drama,Misterio,Series de CBS",4,7,El Mentalista
"Ela Velden,Fabiola Campomanes,Helena Haro,Horacio Pancheri,Hugo Catalán,Humberto Busto,Maite Perroni,Marimar Vega,Sebastián Zurita",EMISION,2019,Drama,4,1,El Juego de las Llaves
"Adam Pålsson,Astrid Fox-Sahan,Ellise Chappell,Leanne Best,Richard Dillane,Sara Seyed,Yasen Atour",EMISION,2020,"Crimen,Drama,Misterio,Series de Netflix",5,1,El joven Wallander
"Annie Potts,Iain Armitage,Jim Parsons,Lance Barber,Matt Hobby,Montana Jordan,Raegan Revord,Zoe Perry",EMISION,2017,"Comedia,Series de CBS All Access",4,3,El joven Sheldon
"Alexa Davalos,Brennan Brown,Chelah Horsdal,Frances Turner,Jason O'Mara,Joel de la Fuente,Rufus Sewell",FINALIZADA,2015,"Drama,Ciencia ficción,Fantasía,Series de Amazon",0,4,El hombre en el castillo
"Irina Baeva,Jean Paul Leroux,Juan Pablo Gil,Renata Notni,Roberto Mateos,Sebastián Rulli,Sofía Castro",EMISION,2019,"Acción,Aventura,Drama,Series de Univision",4.5,2,El Dragón: El regreso de un guerrero
"Amanda Brugel,Ann Dowd,Bradley Whitford,Elisabeth Moss,Joseph Fiennes,Madeline Brewer,Max Minghella,O.T. Fagbenle,Samira Wiley,Yvonne Strahovski",EMISION,2017,"Drama,Ciencia ficción,Fantasía,Series de Hulu",4,3,El cuento de la Criada
"Malia Baker,Momona Tamada,Shay Rudolph,Sophie Grace",EMISION,2020,"Familia,Kids,Series de Netflix",4,1,El Club de las Niñeras
"Alejandro Aguilar,Hernán Romo,Humberto Busto,Juan Carlos Olivas,Marco de la O,Tete Espinoza,Valentina Acosta",FINALIZADA,2017,"Drama,Series de Univision",4,3,El Chapo
"Alba Gaïa Bellugi,Astrid Whettnall,Chris TDL,Edwin Thomas,Jan Bijvoet,Ksawery Szlenkier,Laurent Capelluto,Mehmet Kurtuluş,Pauline Étienne,Stefano Cassetti",EMISION,2020,"Ciencia ficción,Fantasía,Series de Netflix",2.5,1,El camino de la noche
"Alba Ribas,Alberto Jo Lee,Bernabé Fernández,Blanca Suárez,David Seijo,Giselle Calderón,Héctor Alterio,Irene Montalà,Ivan Massagué,Jan Cornet,Javier Hernández,Juan Pablo Shuk",FINALIZADA,2011,"Acción,Aventura,Drama,Misterio",4.5,3,El Barco
Aaron Hernandez,FINALIZADA,2020,"Crimen,Documental",2.5,1,El asesino oculto: En la mente de Aaron Hernandez
,EMISION,2020,"Documental,Series de Netflix",4,1,Justicia para el pequeño Gabriel
,FINALIZADA,2020,"Reality,Series de Netflix",3.5,1,Jugando con fuego
"Atom Shukugawa,Haruka Kubo,Kaho Tsuchimura,Kai Inowaki,Kana Kurashina,Koki Osamura,Nana Yanagisawa,Ririka,Ryôta Matsushima,Ryushin Tei,Seiko Iwaido,Shinsuke Kato",FINALIZADA,2020,"Drama,Misterio,Series de Netflix",5,1,Ju-On: Orígenes
"Carrie-Anne Moss,Eka Darville,Krysten Ritter,Rachael Taylor",FINALIZADA,2015,"Drama,Ciencia ficción,DC Comics,Fantasía,Series de Netflix",0,3,Jessica Jones
Jeffrey Epstein,FINALIZADA,2020,"Crimen,Documental,Series de Netflix",3.5,1,Jeffrey Epstein: Asquerosamente rico
"Alex Cazares,Eric Bell Jr.,Hope Levy,Jake Green,JP Karliak,Kevin Michael Richardson,Miles Bakshi",EMISION,2018,"Acción,Animación,Aventura,Comedia,Kids,Series de Netflix",4,3,Jefe en pañales: Regreso a los negocios
"Claes Bang,Dolly Wells",FINALIZADA,2020,"Drama,Ciencia ficción",3.5,1,Dracula
"Amy Poehler,Betsy Sodaro,Riki Lindhome,Ty Burrell,Yassir Lester,Zach Cherry",EMISION,2020,"Animación,Comedia,Series de FOX",3.5,1,Duncanville
"Charlyne Yi,Hugh Laurie,Jesse Spencer,Odette Annable,Omar Epps,Peter Jacobson,Robert Sean Leonard",FINALIZADA,2004,"Comedia,Drama,Misterio",3.5,8,Dr. House
"Drake Bell,Jonathan Goldstein,Josh Peck,Miranda Cosgrove,Nancy Sullivan",FINALIZADA,2004,"Comedia,Series de Nickelodeon",4.5,4,Drake y Josh
"Alan Tudyk,April Bowlby,Brendan Fraser,Diane Guerrero,Joivan Wade,Mark Sheppard,Matt Bomer,Timothy Dalton",EMISION,2019,"Acción,Aventura,Ciencia ficción,DC Comics,Fantasía",4,2,Doom Patrol
Jon Favreau,EMISION,2020,"Documental,Series de Disney+",5,1,Disney Gallery: The Mandalorian
"Alan Dale,Elizabeth Gillies,Grant Show,James Mackay,Rafael de la Fuente,Robert Christopher Riley,Sam Adegoke",EMISION,2017,"Drama,Series de The CW,Soap",4,3,Dinastia
"Charlie Bushnell,Michael Weaver,Selenis Leyva,Tess Romero",EMISION,2020,"Comedia,Series de Disney+",3.5,1,Diario de una futura Presidenta
"Aimee Garcia,C.S. Lee,David Zayas,Desmond Harrington,Geoff Pierson,James Remar,Jennifer Carpenter,Michael C. Hall",FINALIZADA,2006,"Crimen,Drama,Misterio,Series de Showtime",5,8,Dexter
"Adrián Uribe,Aislinn Derbez,Aitana Derbez,Alessandra Rosaldo,Eugenio Derbez,José Eduardo Derbez,Thuany Martins",EMISION,2020,"Comedia,Familia",4.5,1,desHecho en Casa
"Bárbara López,Coty Camacho,Diego Calva Hernández,Lucía Uribe,Tessa Ía,Tomás Ruiz",EMISION,2020,"Drama,Series de Netflix",5,1,Desenfrenadas
,EMISION,2020,Reality,0,1,DeMarcus Family Rules
"Betty Gabriel,Cherry Jones,Chris Evans,Jaeden Martell,Michelle Dockery,Pablo Schreiber,Sakina Jaffrey",EMISION,2020,"Crimen,Drama,Misterio,Series de Apple TV+",4.5,1,Defender a Jacob
"Aislinn Derbez,Alessandra Rosaldo,Eugenio Derbez,José Eduardo Derbez,Mauricio Ochmann,Vadhir Derbez",FINALIZADA,2019,"Documental,Familia,Series de Amazon",4,1,De viaje con los Derbez
"Dakota Fanning,Daniel Brühl,Douglas Smith,Luke Evans,Matthew Shear,Melanie Field,Robert Wisdom,Rosy McEwen",EMISION,2018,"Crimen,Drama,Misterio,Series de Netflix",4,2,El Alienista
"Andrea Navedo,Gina Rodriguez,Ivonne Coll,Jaime Camil,Justin Baldoni,Yael Grobglas",FINALIZADA,2014,"Comedia,Drama,Series de The CW",4.5,5,Jane the Virgin
"Charlie Cox,Deborah Ann Woll,Elden Henson,Jay Ali,Joanne Whalley,Kate Udall,Vincent D'Onofrio,Wilson Bethel",FINALIZADA,2015,"Acción,Crimen,Marvel,Series de Netflix",4.5,3,Daredevil
"Courteney Cox,David Schwimmer,Jennifer Aniston,Lisa Kudrow,Matt LeBlanc,Matthew Perry",FINALIZADA,1994,"Antiguas,Comedia,Drama",4.5,10,Friends
"Alina Fritsch,Anja Kling,Brigitte Kren,Christoph F. Krutzler,Daniela Golpashin,Ella Rumpf,Georg Friedrich,Lukas Miko,Lukas Thomas Watzl,Manuel Ossenkopf,Marie-Lou Sellem,Merab Ninidze",EMISION,2020,"Crimen,Drama,Misterio,Series de Netflix,Series de ORF",3,1,Freud
,EMISION,2019,Animación,3.5,1,Forky hace una pregunta
"Alexa Nisenson,Alycia Debnam-Carey,Austin Amelio,Colman Domingo,Danay García,Garret Dillahunt,Jenna Elfman,Karen David,Lennie James,Maggie Grace,Rubén Blades",EMISION,2015,"Acción,Aventura,Drama,Series de AMC",4.5,5,Fear the Walking Dead
"Bill Burr,Haley Reinhart,Justin Long,Laura Dern",EMISION,2015,"Animación,Comedia,Series de Netflix",5,4,F is for Family
"Danny Masterson,Debra Jo Rupp,Don Stark,Josh Meyers,Kurtwood Smith,Laura Prepon,Mila Kunis,Tommy Chong,Wilmer Valderrama",FINALIZADA,1998,"Antiguas,Comedia,Familia,Series de FOX",0,8,El show de los 70
"Alfonso Ribeiro,Daphne Maxwell Reid,James Avery,Janet Hubert,Joseph Marcell,Karyn Parsons,Ross Bagley,Tatyana Ali,Will Smith",FINALIZADA,1990,"Antiguas,Comedia,Drama,Familia,Series de NBC,Series de Netflix",0,6,El príncipe del rap
"Andrew Scott,Bill Paterson,Brett Gelman,Hugh Dennis,Hugh Skinner,Jamie Demetriou,Jenny Rainsford,Olivia Colman,Phoebe Waller-Bridge,Sian Clifford",FINALIZADA,2016,"Comedia,Drama",5,2,Fleabag
"Aaron Staton,Christina Hendricks,Elisabeth Moss,January Jones,Jessica Paré,John Slattery,Jon Hamm,Kevin Rahm,Kiernan Shipka,Rich Sommer,Robert Morse,Vincent Kartheiser",FINALIZADA,2007,"Drama,Series de Amazon",0,7,Mad Men
"David DeLuise,David Henrie,Jake T. Austin,Jennifer Stone,Maria Canals-Barrera,Selena Gomez",FINALIZADA,2007,"Ciencia ficción,Comedia,Drama,Fantasía,Series de Disney Channel",5,4,Los Hechiceros de Waverly Place
"Aaron Stanford,Alisen Down,Amanda Schull,Barbara Sukowa,Brooke Williams,Emily Hampshire,Todd Stashwick",FINALIZADA,2015,"Ciencia ficción,Drama,Series de Syfy",0,4,12 Monos
,EMISION,2018,"Drama,Series de Netflix",5,3,Baby
"Alex Sawyer,Alexandra Shipp,Ana Mulvoy-Ten,Bobby Lockwood,Brad Kavanagh,Burkely Duffield,Eugene Simon,Francis Magee,Jack Donnelly,Jade Ramsey,Klariza Clayton,Louisa Connolly-Burnham",FINALIZADA,2011,"Misterio,Ciencia ficción,Fantasía,Series de Nickelodeon",0,3,El misterio de anubis
"Arthur Anderson,Billie Lou Watt,Lionel G. Wilson,Marty Grabstein,Paul Schoeffler,Simon Prebble,Thea White",FINALIZADA,1999,"Animación,Antiguas,Ciencia ficción,Comedia,Fantasía,Misterio,Series de Cartoon Network",0,4,"Coraje, el perro cobarde"
"Abbie Gayle,Andrea Andrade,Brandon Stanley,CG Lewis,Charlie Plummer,Deneen Tyler,Denny Love,Frieda Jane,Henry Zaga,Jared Bankens,Jay Lee,Joe Chrest",FINALIZADA,2019,"Drama,Series de Hulu",0,1,Buscando a Alaska
"Issa Rae,Jay Ellis,Lisa Joyce,Yvonne Orji",EMISION,2016,"Comedia,Drama,Series de HBO",0,4,Insecure
"Bradley Walsh,Jodie Whittaker,Mandip Gill,Tosin Cole",EMISION,2005,"Acción,Aventura,Ciencia ficción,Drama,Fantasía,Series de BBC One",0,12,Doctor Who
"Glen Powell,Jameela Jamil,Jenna Ortega,Kausar Mohammed,Paul-Mikél Williams,Raini Rodriguez,Ryan Potter,Sean Giambrone",EMISION,2020,"Animación,Acción,Aventura,Series de Netflix",0,1,Jurassic World: Campamento Cretácico
Ricky Merino,EMISION,2020,"Familia,Reality,Series de Netflix",0,1,¡A cantar!
"Alessandra Mastronardi,Aziz Ansari,Eric Wareheim,Lena Waithe,Shoukath Ansari",FINALIZADA,2015,"Comedia,Drama,Series de Netflix",0,2,Master of None
"Amanda Plummer,Charlie Carver,Corey Stoll,Cynthia Nixon,Finn Wittrock,Jon Jon Briones,Judy Davis,Sarah Paulson,Sharon Stone",FINALIZADA,2020,"Crimen,Drama,Misterio,Series de Netflix",0,1,Ratched
"Adam Nagaitis,Adrian Rawlins,Alan Williams,Alex Ferns,Barry Keoghan,Con O'Neill,David Dencik,Emily Watson,Fares Fares,Jared Harris,Jessie Buckley,Mark Lewis Jones",EMISION,2019,Drama,3.5,1,Chernobyl
,EMISION,2017,"Ciencia ficción,Crimen,Drama,Fantasía,Misterio,Series de Netflix",4,3,Dark
"Alex Høgh Andersen,Alexander Ludwig,Danila Kozlovsky,John Kavanagh,Jordan Patrick Smith,Katheryn Winnick,Marco Ilsø,Peter Franzén",EMISION,2013,"Drama,Acción,Aventura,Series de History",4,6,Vikingos
"Candice King,Ian Somerhalder,Julia Vasi,Kat Graham,Matthew Davis,Michael Malarkey,Paul Wesley,Zach Roerig",FINALIZADA,2009,"Drama,Fantasía,Romance,Series de The CW,Terror",4.5,8,Diario de Vampiros
"Abril Zamora,Adriana Paz,Alba Flores,Alberto Velasco,Benjamín Vicuña,Berta Vázquez,Cristina Marcos,Édgar Vittorino,Georgina Amorós,Itziar Castro,Jesús Castejón,Laura Baena",FINALIZADA,2015,"Drama,Series de Atresplayer,Series de FOX",4,4,Vis a vis
"Conleth Hill,Emilia Clarke,Gwendoline Christie,Isaac Hempstead-Wright,Jacob Anderson,Jerome Flynn,Joe Dempsie,John Bradley,Kit Harington,Lena Headey,Liam Cunningham,Maisie Williams",FINALIZADA,2011,"Drama,Ciencia ficción,Fantasía,Series de HBO",4,8,Juego de Tronos
"Chandra Wilson,Ellen Pompeo,James Pickens Jr.,Justin Chambers,Vanessa Bell Calloway",EMISION,2005,Drama,4,16,Anatomía de Grey
"Bob Morley,Eliza Taylor,Lindsey Morgan,Marie Avgeropoulos,Paige Turco,Richard Harmon",EMISION,2014,"Acción,Aventura,Ciencia ficción,Drama,Fantasía,Series de The CW",4.5,7,Los 100
"Christian Serratos,Danai Gurira,Jeffrey Dean Morgan,Josh McDermitt,Khary Payton,Melissa McBride,Norman Reedus,Ross Marquand,Ryan Hurst,Samantha Morton,Seth Gilliam",EMISION,2010,"Acción,Aventura,Ciencia ficción,Drama,Fantasía,Series de AMC",4.5,10,The Walking Dead
"Aimee Garcia,D.B. Woodside,Jon Sklaroff,Kevin Alejandro,Lauren German,Lesley-Ann Brandt,Rachael Harris,Scarlett Estevez,Tom Ellis",EMISION,2016,"Crimen,Ciencia ficción,DC Comics,Fantasía,Series de FOX,Series de Netflix",4,5,Lucifer
"Alba Flores,Álvaro Morte,Darko Peric,Enrique Arce,Esther Acebo,Hovik Keuchkerian,Itziar Ituño,Jaime Lorente,Miguel Herrán,Najwa Nimri,Pedro Alonso,Rodrigo de la Serna",EMISION,2017,"Crimen,Drama,Series de Atresplayer,Series de Netflix",4,4,La Casa de Papel
"Antonia Thomas,Christina Chang,Crystal Blint,Fiona Gubelmann,Freddie Highmore,Hill Harper,Jasika Nicole,Nicholas Gonzalez,Paige Spara,Richard Schiff,Will Yun Lee",EMISION,2017,"Drama,Series de ABC",4,3,The Good Doctor
"Aimée-Lou Wood,Anna Waddington,Asa Butterfield,Connor Swindells,Emma Mackey,Gillian Anderson,Kedar Williams-Stirling,Ncuti Gatwa",EMISION,2019,"Comedia,Drama,LGBT",4,2,Sex Education
"Abdelatif Hwidar,Álvaro Rico,Arón Piper,Danna Paola,Ester Expósito,Georgina Amorós,Itzan Escamilla,Jaime Lorente,Lola Marceli,Miguel Bernardeau,Mina El Hammani,Omar Ayuso",EMISION,2018,"Crimen,Drama,Misterio,Series de Netflix",4,3,Élite
